"d_x","d_y","cs_x","cs_y"
4031,642.063477,4031,2000,
4032,643.313477,4032,1950,
4033,645.813477,4033,1950,
4034,647.063477,4034,1950,
4035,647.063477,4035,2000,
4036,648.313477,4036,2000,
4037,648.313477,4037,2000,
4038,648.313477,4038,2000,
4039,648.313477,4039,2000,
4040,647.063477,4040,2050,
4041,647.063477,4041,2000,
4042,648.313477,4042,1950,
4043,650.813477,4043,1950,
4044,650.813477,4044,2000,
4045,652.063477,4045,1950,
4046,652.063477,4046,2000,
4047,650.813477,4047,2050,
4048,649.563477,4048,2050,
4049,649.563477,4049,2000,
4050,648.313477,4050,2050,
4051,647.063477,4051,2050,
4052,645.813477,4052,2050,
4053,644.563477,4053,2000,
4054,643.313477,4054,2050,
4055,643.313477,4055,2000,
4056,643.313477,4056,2000,
4057,645.694458,4057,2000,
4058,650.456421,4058,2000,
4059,652.837402,4059,2000,
4060,655.218384,4060,2000,
4061,658.789856,4061,2000,
4062,659.980347,4062,2050,
4063,663.551819,4063,2050,
4064,664.74231,4064,2050,
4065,665.9328,4065,2050,
4066,667.123291,4066,2100,
4067,668.313782,4067,2050,
4068,669.504272,4068,2050,
4069,668.313782,4069,2150,
4070,669.504272,4070,2050,
4071,670.694763,4071,2050,
4072,671.885254,4072,2050,
4073,673.075745,4073,2050,
4074,673.075745,4074,2100,
4075,673.075745,4075,2100,
4076,671.885254,4076,2150,
4077,670.694763,4077,2150,
4078,668.313782,4078,2150,
4079,668.313782,4079,2100,
4080,668.313782,4080,2100,
4081,667.123291,4081,2100,
4082,665.9328,4082,2150,
4083,664.74231,4083,2150,
4084,664.74231,4084,2100,
4085,664.74231,4085,2100,
4086,664.74231,4086,2100,
4087,664.74231,4087,2100,
4088,664.74231,4088,2050,
4089,663.551819,4089,2150,
4090,664.74231,4090,2050,
4091,665.9328,4091,2050,
4092,665.9328,4092,2100,
4093,668.313782,4093,2050,
4094,669.504272,4094,2050,
4095,669.504272,4095,2100,
4096,670.694763,4096,2050,
4097,670.694763,4097,2100,
4098,669.504272,4098,2100,
4099,669.504272,4099,2100,
4100,669.504272,4100,2100,
4101,670.694763,4101,2100,
4102,672.967468,4102,2100,
4103,677.512878,4103,2100,
4104,678.649231,4104,2150,
4105,679.785583,4105,2150,
4106,680.921936,4106,2150,
4107,680.921936,4107,2200,
4108,682.058289,4108,2200,
4109,682.058289,4109,2200,
4110,682.058289,4110,2200,
4111,682.058289,4111,2200,
4112,682.058289,4112,2200,
4113,682.058289,4113,2200,
4114,682.058289,4114,2200,
4115,682.058289,4115,2200,
4116,682.058289,4116,2150,
4117,682.058289,4117,2200,
4118,684.330994,4118,2150,
4119,685.467346,4119,2150,
4120,686.603699,4120,2150,
4121,687.740051,4121,2200,
4122,687.740051,4122,2200,
4123,688.876404,4123,2200,
4124,688.876404,4124,2200,
4125,688.876404,4125,2200,
4126,687.740051,4126,2200,
4127,687.740051,4127,2200,
4128,688.876404,4128,2200,
4129,690.012756,4129,2150,
4130,690.012756,4130,2200,
4131,691.149109,4131,2200,
4132,690.012756,4132,2250,
4133,690.012756,4133,2200,
4134,688.876404,4134,2250,
4135,688.876404,4135,2200,
4136,688.876404,4136,2200,
4137,687.740051,4137,2250,
4138,686.603699,4138,2200,
4139,686.603699,4139,2200,
4140,685.467346,4140,2250,
4141,685.467346,4141,2200,
4142,685.467346,4142,2200,
4143,685.467346,4143,2200,
4144,685.467346,4144,2200,
4145,685.467346,4145,2200,
4146,690.9021,4146,2150,
4147,694.162964,4147,2150,
4148,698.510742,4148,2200,
4149,699.597717,4149,2250,
4150,700.684692,4150,2250,
4151,702.858643,4151,2250,
4152,703.945618,4152,2250,
4153,705.032593,4153,2300,
4154,706.119568,4154,2250,
4155,707.206543,4155,2250,
4156,709.380493,4156,2250,
4157,709.380493,4157,2300,
4158,709.380493,4158,2350,
4159,709.380493,4159,2300,
4160,709.380493,4160,2300,
4161,708.293518,4161,2300,
4162,707.206543,4162,2350,
4163,706.119568,4163,2350,
4164,706.119568,4164,2300,
4165,705.032593,4165,2350,
4166,703.945618,4166,2350,
4167,703.945618,4167,2300,
4168,703.945618,4168,2300,
4169,702.858643,4169,2350,
4170,702.858643,4170,2300,
4171,702.858643,4171,2300,
4172,702.858643,4172,2300,
4173,705.032593,4173,2250,
4174,705.032593,4174,2300,
4175,706.119568,4175,2250,
4176,708.293457,4176,2300,
4177,709.380432,4177,2250,
4178,709.380432,4178,2300,
4179,708.293457,4179,2350,
4180,708.293457,4180,2300,
4181,709.380432,4181,2250,
4182,709.380432,4182,2300,
4183,709.380432,4183,2300,
4184,709.380432,4184,2300,
4185,709.380432,4185,2300,
4186,708.293457,4186,2300,
4187,708.293457,4187,2300,
4188,708.293457,4188,2300,
4189,710.37677,4189,2300,
4190,711.418457,4190,2350,
4191,713.501831,4191,2350,
4192,713.501831,4192,2400,
4193,715.585205,4193,2350,
4194,716.626892,4194,2350,
4195,716.626892,4195,2400,
4196,717.668579,4196,2350,
4197,717.668579,4197,2400,
4198,719.751953,4198,2350,
4199,720.79364,4199,2350,
4200,721.835327,4200,2350,
4201,723.91864,4201,2400,
4202,724.960327,4202,2350,
4203,726.002014,4203,2400,
4204,726.002014,4204,2400,
4205,726.002014,4205,2400,
4206,726.002014,4206,2350,
4207,726.002014,4207,2400,
4208,728.085388,4208,2350,
4209,728.085388,4209,2400,
4210,729.127075,4210,2350,
4211,728.085388,4211,2450,
4212,728.085388,4212,2400,
4213,728.085388,4213,2400,
4214,727.043701,4214,2450,
4215,726.002014,4215,2450,
4216,724.960327,4216,2450,
4217,724.960327,4217,2400,
4218,723.91864,4218,2400,
4219,723.91864,4219,2400,
4220,722.876953,4220,2450,
4221,723.91864,4221,2350,
4222,723.91864,4222,2400,
4223,724.960327,4223,2350,
4224,724.960327,4224,2400,
4225,726.002014,4225,2350,
4226,727.043701,4226,2350,
4227,727.043701,4227,2400,
4228,728.085388,4228,2350,
4229,728.085388,4229,2400,
4230,727.043701,4230,2450,
4231,728.085388,4231,2350,
4232,728.085388,4232,2400,
4233,733.085388,4233,2350,
4234,735.085388,4234,2400,
4235,736.085388,4235,2450,
4236,738.085388,4236,2450,
4237,739.085388,4237,2450,
4238,740.085388,4238,2450,
4239,741.085388,4239,2450,
4240,741.085388,4240,2500,
4241,741.085388,4241,2500,
4242,741.085388,4242,2500,
4243,742.085388,4243,2500,
4244,742.085388,4244,2500,
4245,742.085388,4245,2500,
4246,743.085388,4246,2450,
4247,743.085388,4247,2500,
4248,743.085388,4248,2500,
4249,744.085388,4249,2450,
4250,745.085388,4250,2450,
4251,747.085388,4251,2450,
4252,748.085388,4252,2450,
4253,749.085388,4253,2450,
4254,749.085388,4254,2500,
4255,749.085388,4255,2500,
4256,750.085388,4256,2500,
4257,751.085388,4257,2450,
4258,751.085388,4258,2500,
4259,751.085388,4259,2500,
4260,751.085388,4260,2500,
4261,751.085388,4261,2500,
4262,752.085388,4262,2450,
4263,751.085388,4263,2550,
4264,751.085388,4264,2500,
4265,750.085388,4265,2550,
4266,749.085388,4266,2500,
4267,748.085388,4267,2550,
4268,747.085388,4268,2550,
4269,746.085388,4269,2550,
4270,746.085388,4270,2500,
4271,746.085388,4271,2500,
4272,746.085388,4272,2500,
4273,747.085388,4273,2500,
4274,748.085388,4274,2450,
4275,748.085388,4275,2500,
4276,749.085388,4276,2500,
4277,751.008484,4277,2500,
4278,753.893127,4278,2550,
4279,754.854675,4279,2550,
4280,756.777771,4280,2500,
4281,760.623962,4281,2550,
4282,762.547058,4282,2500,
4283,764.470154,4283,2550,
4284,765.431702,4284,2550,
4285,766.39325,4285,2550,
4286,767.354797,4286,2550,
4287,767.354797,4287,2600,
4288,767.354797,4288,2600,
4289,767.354797,4289,2600,
4290,767.354797,4290,2600,
4291,766.39325,4291,2600,
4292,767.354797,4292,2550,
4293,767.354797,4293,2600,
4294,767.354797,4294,2600,
4295,767.354797,4295,2600,
4296,769.277893,4296,2550,
4297,769.277893,4297,2600,
4298,770.239441,4298,2600,
4299,771.200989,4299,2550,
4300,771.200989,4300,2600,
4301,771.200989,4301,2600,
4302,770.239441,4302,2650,
4303,771.200989,4303,2550,
4304,772.162537,4304,2550,
4305,772.162537,4305,2600,
4306,773.124084,4306,2600,
4307,773.124084,4307,2600,
4308,772.162537,4308,2650,
4309,772.162537,4309,2600,
4310,772.162537,4310,2600,
4311,771.200989,4311,2650,
4312,771.200989,4312,2600,
4313,771.200989,4313,2600,
4314,771.200989,4314,2600,
4315,771.200989,4315,2600,
4316,769.277893,4316,2650,
4317,769.277893,4317,2600,
4318,769.277893,4318,2600,
4319,769.277893,4319,2600,
4320,770.239441,4320,2550,
4321,773.017212,4321,2550,
4322,775.794983,4322,2550,
4323,780.424622,4323,2600,
4324,781.350525,4324,2650,
4325,782.276428,4325,2650,
4326,785.054199,4326,2650,
4327,785.980103,4327,2650,
4328,788.757874,4328,2650,
4329,789.683777,4329,2650,
4330,790.60968,4330,2650,
4331,791.535583,4331,2650,
4332,791.535583,4332,2700,
4333,792.461487,4333,2700,
4334,793.38739,4334,2650,
4335,793.38739,4335,2700,
4336,792.461487,4336,2750,
4337,792.461487,4337,2700,
4338,792.461487,4338,2700,
4339,792.461487,4339,2700,
4340,792.461487,4340,2700,
4341,793.38739,4341,2650,
4342,794.313293,4342,2650,
4343,797.091064,4343,2650,
4344,797.091064,4344,2700,
4345,797.091064,4345,2700,
4346,798.016968,4346,2700,
4347,797.091064,4347,2750,
4348,797.091064,4348,2700,
4349,798.016968,4349,2650,
4350,798.942871,4350,2650,
4351,799.868774,4351,2650,
4352,799.868774,4352,2700,
4353,799.868774,4353,2700,
4354,799.868774,4354,2700,
4355,799.868774,4355,2700,
4356,798.942871,4356,2750,
4357,798.016968,4357,2750,
4358,797.091064,4358,2750,
4359,797.091064,4359,2700,
4360,797.091064,4360,2700,
4361,796.165161,4361,2750,
4362,797.091064,4362,2650,
4363,797.091064,4363,2650,
4364,797.091064,4364,2700,
4365,798.016968,4365,2650,
4366,799.802673,4366,2700,
4367,802.481262,4367,2650,
4368,806.052673,4368,2700,
4369,806.945557,4369,2750,
4370,807.83844,4370,2750,
4371,811.409851,4371,2700,
4372,812.302734,4372,2750,
4373,814.981323,4373,2750,
4374,815.874207,4374,2750,
4375,815.874207,4375,2800,
4376,816.76709,4376,2800,
4377,816.76709,4377,2800,
4378,816.76709,4378,2800,
4379,817.659973,4379,2750,
4380,817.659973,4380,2800,
4381,817.659973,4381,2800,
4382,817.659973,4382,2800,
4383,817.659973,4383,2800,
4384,817.659973,4384,2800,
4385,817.659973,4385,2800,
4386,818.552856,4386,2800,
4387,819.44574,4387,2750,
4388,821.231506,4388,2750,
4389,822.12439,4389,2750,
4390,822.12439,4390,2800,
4391,821.231506,4391,2850,
4392,821.231506,4392,2800,
4393,821.231506,4393,2800,
4394,822.12439,4394,2750,
4395,822.12439,4395,2800,
4396,822.12439,4396,2800,
4397,822.12439,4397,2800,
4398,822.12439,4398,2800,
4399,822.12439,4399,2800,
4400,821.231506,4400,2850,
4401,821.579956,4401,2800,
4402,820.687073,4402,2850,
4403,819.794189,4403,2850,
4404,818.901306,4404,2850,
4405,818.901306,4405,2800,
4406,818.901306,4406,2800,
4407,819.794189,4407,2750,
4408,821.579956,4408,2750,
4409,821.579956,4409,2800,
4410,822.472839,4410,2750,
4411,824.19696,4411,2800,
4412,825.921082,4412,2800,
4413,828.507263,4413,2800,
4414,830.231384,4414,2800,
4415,831.955505,4415,2800,
4416,835.403748,4416,2800,
4417,836.265808,4417,2850,
4418,837.989929,4418,2850,
4419,838.85199,4419,2850,
4420,839.71405,4420,2850,
4421,840.576111,4421,2850,
4422,839.71405,4422,2950,
4423,839.71405,4423,2950,
4424,840.576111,4424,2850,
4425,840.576111,4425,2900,
4426,840.576111,4426,2900,
4427,840.576111,4427,2900,
4428,841.438171,4428,2850,
4429,842.300232,4429,2850,
4430,843.162292,4430,2850,
4431,844.024353,4431,2850,
4432,844.024353,4432,2900,
4433,844.024353,4433,2900,
4434,844.024353,4434,2900,
4435,844.886414,4435,2850,
4436,845.748474,4436,2850,
4437,846.610535,4437,2850,
4438,845.748474,4438,2900,
4439,846.610535,4439,2850,
4440,846.610535,4440,2900,
4441,845.748474,4441,2950,
4442,845.748474,4442,2900,
4443,844.886414,4443,2900,
4444,844.886414,4444,2900,
4445,844.886414,4445,2900,
4446,844.024353,4446,2900,
4447,844.024353,4447,2900,
4448,843.162292,4448,2900,
4449,843.162292,4449,2900,
4450,844.024353,4450,2850,
4451,845.748474,4451,2850,
4452,845.748474,4452,2900,
4453,845.748474,4453,2950,
4454,845.748474,4454,2900,
4455,846.581787,4455,2950,
4456,850.748474,4456,2850,
4457,851.581787,4457,2950,
4458,854.081787,4458,2950,
4459,854.9151,4459,2950,
4460,856.581787,4460,2900,
4461,858.248413,4461,2950,
4462,858.248413,4462,3000,
4463,859.081726,4463,3000,
4464,859.081726,4464,3000,
4465,859.915039,4465,2950,
4466,859.915039,4466,2950,
4467,859.915039,4467,3000,
4468,860.748352,4468,2950,
4469,861.581665,4469,2950,
4470,862.414978,4470,2950,
4471,864.081604,4471,2950,
4472,864.081604,4472,3000,
4473,864.914917,4473,3000,
4474,864.081604,4474,3050,
4475,864.081604,4475,3000,
4476,864.081604,4476,3000,
4477,864.914917,4477,2950,
4478,865.74823,4478,2950,
4479,864.914917,4479,3050,
4480,864.914917,4480,3000,
4481,865.74823,4481,3000,
4482,864.914917,4482,3050,
4483,864.914917,4483,3000,
4484,864.914917,4484,3000,
4485,864.081604,4485,3050,
4486,864.914917,4486,3000,
4487,864.914917,4487,3000,
4488,864.914917,4488,3000,
4489,864.914917,4489,3000,
4490,865.74823,4490,2950,
4491,865.74823,4491,3000,
4492,865.74823,4492,3000,
4493,865.74823,4493,3000,
4494,864.914917,4494,3050,
4495,864.914917,4495,3000,
4496,864.914917,4496,3000,
4497,864.914917,4497,3000,
4498,868.140747,4498,3000,
4499,868.947205,4499,3050,
4500,870.56012,4500,3000,
4501,872.173035,4501,3000,
4502,872.173035,4502,3100,
4503,873.78595,4503,3100,
4504,874.592407,4504,3050,
4505,875.398865,4505,3050,
4506,876.205322,4506,3050,
4507,876.205322,4507,3100,
4508,877.01178,4508,3050,
4509,877.01178,4509,3100,
4510,878.624695,4510,3000,
4511,880.23761,4511,3050,
4512,881.044067,4512,3050,
4513,881.850525,4513,3100,
4514,881.850525,4514,3100,
4515,881.850525,4515,3100,
4516,882.656982,4516,3050,
4517,882.656982,4517,3100,
4518,882.656982,4518,3100,
4519,882.656982,4519,3100,
4520,881.850525,4520,3150,
4521,881.850525,4521,3150,
4522,881.850525,4522,3100,
4523,881.850525,4523,3100,
4524,881.850525,4524,3100,
4525,881.850525,4525,3100,
4526,881.850525,4526,3100,
4527,881.850525,4527,3100,
4528,882.656982,4528,3050,
4529,883.46344,4529,3050,
4530,883.46344,4530,3100,
4531,885.076355,4531,3050,
4532,885.076355,4532,3100,
4533,884.269897,4533,3100,
4534,883.46344,4534,3150,
4535,882.656982,4535,3150,
4536,883.46344,4536,3100,
4537,883.46344,4537,3100,
4538,883.46344,4538,3100,
4539,882.656982,4539,3150,
4540,882.656982,4540,3100,
4541,885.000732,4541,3150,
4542,885.781982,4542,3150,
4543,888.125732,4543,3150,
4544,888.906982,4544,3150,
4545,890.469482,4545,3100,
4546,892.813232,4546,3100,
4547,893.594482,4547,3150,
4548,895.938232,4548,3100,
4549,896.719482,4549,3150,
4550,898.281982,4550,3100,
4551,899.844482,4551,3150,
4552,900.625732,4552,3150,
4553,900.625732,4553,3200,
4554,901.406982,4554,3150,
4555,901.406982,4555,3200,
4556,901.406982,4556,3200,
4557,901.406982,4557,3200,
4558,900.625732,4558,3250,
4559,900.625732,4559,3200,
4560,900.625732,4560,3200,
4561,900.625732,4561,3200,
4562,900.625732,4562,3200,
4563,900.625732,4563,3250,
4564,900.625732,4564,3200,
4565,901.406982,4565,3150,
4566,900.625732,4566,3200,
4567,901.406982,4567,3150,
4568,902.969482,4568,3150,
4569,902.969482,4569,3200,
4570,903.750732,4570,3150,
4571,903.750732,4571,3200,
4572,903.750732,4572,3200,
4573,902.969482,4573,3200,
4574,902.969482,4574,3200,
4575,902.188232,4575,3250,
4576,902.188232,4576,3200,
4577,901.406982,4577,3250,
4578,900.625732,4578,3250,
4579,900.625732,4579,3200,
4580,899.844482,4580,3250,
4581,899.844482,4581,3200,
4582,899.844482,4582,3200,
4583,901.359619,4583,3200,
4584,902.874756,4584,3200,
4585,904.389893,4585,3200,
4586,908.177734,4586,3150,
4587,909.692871,4587,3200,
4588,912.723145,4588,3200,
4589,914.238281,4589,3200,
4590,914.238281,4590,3300,
4591,914.99585,4591,3300,
4592,915.753418,4592,3250,
4593,917.268555,4593,3300,
4594,918.026123,4594,3250,
4595,918.783691,4595,3250,
4596,918.783691,4596,3300,
4597,918.783691,4597,3300,
4598,918.783691,4598,3300,
4599,918.783691,4599,3300,
4600,918.783691,4600,3300,
4601,919.54126,4601,3300,
4602,919.54126,4602,3300,
4603,920.298828,4603,3250,
4604,921.056396,4604,3250,
4605,921.056396,4605,3300,
4606,922.571533,4606,3300,
4607,923.329102,4607,3250,
4608,923.329102,4608,3300,
4609,923.329102,4609,3300,
4610,923.329102,4610,3300,
4611,924.08667,4611,3300,
4612,924.08667,4612,3300,
4613,923.329102,4613,3350,
4614,923.329102,4614,3300,
4615,922.571533,4615,3350,
4616,922.571533,4616,3300,
4617,922.571533,4617,3300,
4618,922.571533,4618,3300,
4619,922.571533,4619,3300,
4620,922.571533,4620,3300,
4621,922.571533,4621,3300,
4622,922.571533,4622,3300,
4623,923.329102,4623,3250,
4624,924.844238,4624,3200,
4625,925.601807,4625,3250,
4626,925.601807,4626,3300,
4627,927.072388,4627,3300,
4628,929.278259,4628,3350,
4629,930.74884,4629,3300,
4630,931.484131,4630,3350,
4631,933.690002,4631,3300,
4632,934.425293,4632,3350,
4633,935.895874,4633,3350,
4634,935.895874,4634,3400,
4635,936.631165,4635,3350,
4636,936.631165,4636,3400,
4637,937.366455,4637,3350,
4638,937.366455,4638,3400,
4639,938.101746,4639,3350,
4640,938.837036,4640,3350,
4641,941.042908,4641,3300,
4642,941.778198,4642,3350,
4643,943.248779,4643,3400,
4644,943.248779,4644,3400,
4645,943.248779,4645,3400,
4646,943.98407,4646,3400,
4647,944.71936,4647,3350,
4648,944.71936,4648,3400,
4649,943.98407,4649,3450,
4650,943.248779,4650,3450,
4651,941.042908,4651,3500,
4652,940.307617,4652,3450,
4653,938.101746,4653,3450,
4654,936.631165,4654,3500,
4655,935.895874,4655,3450,
4656,935.160583,4656,3400,
4657,935.160583,4657,3400,
4658,935.160583,4658,3350,
4659,935.160583,4659,3400,
4660,935.160583,4660,3400,
4661,934.425293,4661,3400,
4662,933.690002,4662,3450,
4663,932.954712,4663,3400,
4664,932.954712,4664,3400,
4665,932.219421,4665,3450,
4666,932.219421,4666,3450,
4667,932.954712,4667,3350,
4668,932.219421,4668,3450,
4669,932.219421,4669,3400,
4670,933.64801,4670,3400,
4671,935.076599,4671,3500,
4672,935.790894,4672,3450,
4673,936.505188,4673,3500,
4674,937.219482,4674,3450,
4675,937.219482,4675,3500,
4676,937.933777,4676,3450,
4677,938.648071,4677,3450,
4678,939.362366,4678,3500,
4679,939.362366,4679,3500,
4680,938.648071,4680,3550,
4681,939.362366,4681,3450,
4682,939.362366,4682,3500,
4683,940.07666,4683,3500,
4684,940.07666,4684,3500,
4685,940.790955,4685,3450,
4686,942.219543,4686,3450,
4687,942.219543,4687,3500,
4688,941.505249,4688,3550,
4689,941.505249,4689,3500,
4690,941.505249,4690,3500,
4691,942.219543,4691,3450,
4692,942.219543,4692,3500,
4693,943.648132,4693,3450,
4694,944.362427,4694,3450,
4695,944.362427,4695,3500,
4696,945.076721,4696,3500,
4697,944.362427,4697,3550,
4698,945.076721,4698,3500,
4699,945.791016,4699,3450,
4700,946.50531,4700,3450,
4701,947.219604,4701,3450,
4702,947.933899,4702,3450,
4703,948.648193,4703,3550,
4704,949.362488,4704,3450,
4705,949.362488,4705,3500,
4706,949.362488,4706,3500,
4707,949.362488,4707,3500,
4708,950.076782,4708,3450,
4709,950.076782,4709,3500,
4710,950.076782,4710,3500,
4711,950.791077,4711,3500,
4712,951.505371,4712,3450,
4713,952.894287,4713,3500,
4714,954.283203,4714,3500,
4715,956.366516,4715,3450,
4716,959.838745,4716,3450,
4717,961.227661,4717,3500,
4718,964.005432,4718,3550,
4719,965.394348,4719,3500,
4720,967.477661,4720,3450,
4721,969.561035,4721,3500,
4722,970.255493,4722,3550,
4723,970.949951,4723,3600,
4724,971.644409,4724,3550,
4725,972.338867,4725,3550,
4726,972.338867,4726,3600,
4727,973.727783,4727,3500,
4728,975.116699,4728,3500,
4729,975.116699,4729,3600,
4730,975.811157,4730,3550,
4731,975.811157,4731,3600,
4732,975.811157,4732,3600,
4733,976.505615,4733,3600,
4734,976.505615,4734,3600,
4735,977.200073,4735,3550,
4736,978.588989,4736,3550,
4737,978.588989,4737,3600,
4738,979.283447,4738,3600,
4739,979.977905,4739,3550,
4740,979.977905,4740,3600,
4741,979.977905,4741,3600,
4742,979.977905,4742,3600,
4743,980.672363,4743,3600,
4744,980.672363,4744,3600,
4745,981.366821,4745,3550,
4746,981.366821,4746,3600,
4747,980.672363,4747,3650,
4748,979.977905,4748,3600,
4749,979.977905,4749,3600,
4750,979.977905,4750,3600,
4751,980.672363,4751,3550,
4752,980.672363,4752,3600,
4753,981.366821,4753,3550,
4754,981.366821,4754,3600,
4755,981.366821,4755,3600,
4756,980.672363,4756,3600,
4757,982.023743,4757,3600,
4758,984.726501,4758,3600,
4759,986.077881,4759,3600,
4760,1004.375,4760,3750,
4761,1006.875,4761,3800,
4762,1010,4762,3750,
4763,1015.625,4763,3800,
4764,1017.5,4764,3850,
4765,1021.875,4765,3850,
4766,1023.75,4766,3850,
4767,1025,4767,3900,
4768,1028.125,4768,3850,
4769,1030.625,4769,3800,
4770,1034.375,4770,3800,
4771,1036.25,4771,3850,
4772,1038.125,4772,3850,
4773,1041.25,4773,3900,
4774,1042.5,4774,3900,
4775,1044.375,4775,3950,
4776,1045,4776,3950,
4777,1045.625,4777,3950,
4778,1046.875,4778,3950,
4779,1047.5,4779,3950,
4780,1048.125,4780,4000,
4781,1048.125,4781,4000,
4782,1048.75,4782,3950,
4783,1048.75,4783,4000,
4784,1048.75,4784,4000,
4785,1050.625,4785,3900,
4786,1051.25,4786,3950,
4787,1051.875,4787,3950,
4788,1053.125,4788,3950,
4789,1053.125,4789,4000,
4790,1053.75,4790,4000,
4791,1053.125,4791,4050.000244,
4792,1053.125,4792,4000,
4793,1053.125,4793,4000,
4794,1052.5,4794,4050.000244,
4795,1052.5,4795,4050.000244,
4796,1052.5,4796,4000,
4797,1051.875,4797,4050.000244,
4798,1051.875,4798,4000,
4799,1051.875,4799,4000,
4800,1052.5,4800,3950,
4801,1053.125,4801,3950,
4802,1053.125,4802,4000,
4803,1053.75,4803,4000,
4804,1053.75,4804,4000,
4805,1053.75,4805,4000,
4806,1053.125,4806,4050.000244,
4807,1053.125,4807,4000,
4808,1053.125,4808,4000,
4809,1052.5,4809,4050.000244,
4810,1051.875,4810,4050.000244,
4811,1051.875,4811,4000,
4812,1051.25,4812,4050.000244,
4813,1050.625,4813,4000,
4814,1050,4814,4050.000244,
4815,1050,4815,4000,
4816,1050.625,4816,3950,
4817,1051.25,4817,3950,
4818,1051.25,4818,4000,
4819,1051.25,4819,4000,
4820,1051.25,4820,4000,
4821,1051.25,4821,4000,
4822,1050.625,4822,4050.000244,
4823,1050.625,4823,4000,
4824,1050,4824,4050.000244,
4825,1050,4825,4000,
4826,1049.375,4826,4050.000244,
4827,1048.75,4827,4050.000244,
4828,1048.125,4828,4050.000244,
4829,1048.125,4829,4000,
4830,1048.75,4830,3950,
4831,1048.75,4831,4000,
4832,1049.375,4832,3950,
4833,1049.375,4833,4000,
4834,1049.375,4834,4000,
4835,1048.75,4835,4050.000244,
4836,1048.75,4836,4000,
4837,1048.125,4837,4050.000244,
4838,1048.125,4838,4000,
4839,1048.125,4839,4000,
4840,1049.375,4840,3950,
4841,1049.375,4841,4000,
4842,1050.625,4842,3900,
4843,1051.25,4843,3950,
4844,1052.5,4844,3900,
4845,1053.75,4845,3950,
4846,1055,4846,3900,
4847,1055.625,4847,3950,
4848,1056.875,4848,3950,
4849,1056.875,4849,4000,
4850,1056.875,4850,4000,
4851,1056.875,4851,4000,
4852,1056.875,4852,4000,
4853,1057.5,4853,3950,
4854,1058.125,4854,3950,
4855,1058.75,4855,3950,
4856,1058.75,4856,4000,
4857,1058.75,4857,4000,
4858,1058.75,4858,4000,
4859,1059.375,4859,3950,
4860,1060,4860,4000,
4861,1060.625,4861,3950,
4862,1061.25,4862,3950,
4863,1061.25,4863,4000,
4864,1061.25,4864,4000,
4865,1060,4865,4050.000244,
4866,1060,4866,4000,
4867,1059.375,4867,4050.000244,
4868,1059.375,4868,4000,
4869,1059.375,4869,4000,
4870,1060,4870,3950,
4871,1060.625,4871,3950,
4872,1060.625,4872,4000,
4873,1060,4873,4000,
4874,1060.625,4874,3950,
4875,1061.25,4875,3950,
4876,1061.875,4876,3950,
4877,1061.875,4877,4000,
4878,1062.5,4878,4000,
4879,1061.875,4879,4050.000244,
4880,1061.25,4880,4050.000244,
4881,1061.25,4881,4000,
4882,1060.625,4882,4050.000244,
4883,1060,4883,4000,
4884,1060.625,4884,3950,
4885,1060.625,4885,4000,
4886,1061.25,4886,3950,
4887,1061.25,4887,4000,
4888,1060.625,4888,4000,
4889,1060.625,4889,4000,
4890,1061.25,4890,4000,
4891,1061.875,4891,3950,
4892,1061.875,4892,4000,
4893,1062.5,4893,4000,
4894,1061.875,4894,4050.000244,
4895,1061.25,4895,4050.000244,
4896,1060.625,4896,4050.000244,
4897,1060,4897,4050.000244,
4898,1060,4898,4000,
4899,1059.375,4899,4050.000244,
4900,1060,4900,4000,
4901,1060.625,4901,3950,
4902,1060,4902,4050.000244,
4903,1060,4903,4000,
4904,1060,4904,4000,
4905,1061.25,4905,3950,
4906,1061.25,4906,4000,
4907,1061.875,4907,3950,
4908,1061.25,4908,4050.000244,
4909,1061.25,4909,4000,
4910,1060,4910,4050.000244,
4911,1059.375,4911,4050.000244,
4912,1059.375,4912,4000,
4913,1059.375,4913,4000,
4914,1059.375,4914,4000,
4915,1060.625,4915,3950,
4916,1061.25,4916,3950,
4917,1061.25,4917,4000,
4918,1061.25,4918,4000,
4919,1061.25,4919,4000,
4920,1062.5,4920,3900,
4921,1062.5,4921,4000,
4922,1062.5,4922,4000,
4923,1062.5,4923,4050.000244,
4924,1062.5,4924,4000,
4925,1061.875,4925,4050.000244,
4926,1061.25,4926,4050.000244,
4927,1060.625,4927,4050.000244,
4928,1060.625,4928,4000,
4929,1060.625,4929,4000,
4930,1061.25,4930,4000,
4931,1061.25,4931,4000,
4932,1061.25,4932,4000,
4933,1061.875,4933,3950,
4934,1061.875,4934,4000,
4935,1062.5,4935,3950,
4936,1063.125,4936,3950,
4937,1063.125,4937,4000,
4938,1063.125,4938,4050.000244,
4939,1062.5,4939,4050.000244,
4940,1061.875,4940,4050.000244,
4941,1061.25,4941,4050.000244,
4942,1060.625,4942,4050.000244,
4943,1060.625,4943,4000,
4944,1061.25,4944,3950,
4945,1061.25,4945,4000,
4946,1061.875,4946,3950,
4947,1061.875,4947,4000,
4948,1062.5,4948,3950,
4949,1062.5,4949,4000,
4950,1063.75,4950,3950,
4951,1063.75,4951,4000,
4952,1064.375,4952,3950,
4953,1064.375,4953,4000,
4954,1064.375,4954,4000,
4955,1063.75,4955,4000,
4956,1063.125,4956,4050.000244,
4957,1062.5,4957,4050.000244,
4958,1062.5,4958,4000,
4959,1063.125,4959,3950,
4960,1063.125,4960,4000,
4961,1063.75,4961,3950,
4962,1063.75,4962,4000,
4963,1063.75,4963,4000,
4964,1063.75,4964,4000,
4965,1065,4965,3950,
4966,1065,4966,4000,
4967,1065.625,4967,3950,
4968,1066.25,4968,4000,
4969,1065.625,4969,4050.000244,
4970,1064.375,4970,4050.000244,
4971,1063.75,4971,4050.000244,
4972,1063.75,4972,4000,
4973,1063.75,4973,4000,
4974,1063.75,4974,4000,
4975,1063.75,4975,4000,
4976,1064.375,4976,3950,
4977,1065,4977,3950,
4978,1065,4978,3950,
4979,1065,4979,4000,
4980,1066.25,4980,3950,
4981,1066.25,4981,4000,
4982,1066.875,4982,3950,
4983,1067.5,4983,4000,
4984,1066.875,4984,4050.000244,
4985,1066.25,4985,4050.000244,
4986,1065.625,4986,4050.000244,
4987,1065.625,4987,4000,
4988,1065,4988,4000,
4989,1065.625,4989,3950,
4990,1065.625,4990,4000,
4991,1066.25,4991,3950,
4992,1066.25,4992,4000,
4993,1066.25,4993,4000,
4994,1066.25,4994,4000,
4995,1067.5,4995,3900,
4996,1067.5,4996,4000,
4997,1068.75,4997,3900,
4998,1068.75,4998,4000,
4999,1068.125,4999,4050.000244,
5000,1066.875,5000,4050.000244,
5001,1066.25,5001,4050.000244,
5002,1065.625,5002,4050.000244,
5003,1065,5003,4050.000244,
5004,1065,5004,4000,
5005,1065,5005,4000,
5006,1065.625,5006,3950,
5007,1065.625,5007,4000,
5008,1066.25,5008,3950,
5009,1066.25,5009,4000,
5010,1067.5,5010,3950,
5011,1068.125,5011,3950,
5012,1068.125,5012,4000,
5013,1068.125,5013,4050.000244,
5014,1068.125,5014,4000,
5015,1066.875,5015,4050.000244,
5016,1066.25,5016,4050.000244,
5017,1066.25,5017,4000,
5018,1065,5018,4050.000244,
5019,1065,5019,4000,
5020,1065.625,5020,3950,
5021,1065,5021,4050.000244,
5022,1065.625,5022,3950,
5023,1065.625,5023,3950,
5024,1065.625,5024,4000,
5025,1066.25,5025,3950,
5026,1066.875,5026,3950,
5027,1067.5,5027,3950,
5028,1067.5,5028,4000,
5029,1067.5,5029,4000,
5030,1066.25,5030,4050.000244,
5031,1065.625,5031,4050.000244,
5032,1065.625,5032,4000,
5033,1065,5033,4000,
5034,1065,5034,4000,
5035,1065,5035,4000,
5036,1065,5036,4000,
5037,1065,5037,4000,
5038,1064.375,5038,4000,
5039,1064.375,5039,4000,
5040,1065.625,5040,3950,
5041,1066.25,5041,3950,
5042,1066.25,5042,4000,
5043,1066.875,5043,4000,
5044,1066.25,5044,4050.000244,
5045,1065.625,5045,4050.000244,
5046,1065.625,5046,4000,
5047,1064.375,5047,4100,
5048,1064.375,5048,4000,
5049,1065,5049,3950,
5050,1065,5050,4000,
5051,1065.625,5051,3950,
5052,1065.625,5052,4000,
5053,1065.625,5053,4000,
5054,1065.625,5054,4000,
5055,1066.25,5055,4000,
5056,1066.875,5056,3950,
5057,1067.5,5057,3950,
5058,1067.5,5058,4000,
5059,1067.5,5059,4000,
5060,1066.25,5060,4050.000244,
5061,1065.625,5061,4050.000244,
5062,1065.625,5062,4000,
5063,1065,5063,4000,
5064,1065.625,5064,3950,
5065,1065.625,5065,4000,
5066,1065.625,5066,4000,
5067,1065.625,5067,4000,
5068,1065.625,5068,4000,
5069,1066.25,5069,3950,
5070,1066.875,5070,3950,
5071,1067.5,5071,3950,
5072,1067.5,5072,4000,
5073,1067.5,5073,4050.000244,
5074,1066.875,5074,4050.000244,
5075,1066.25,5075,4050.000244,
5076,1065.625,5076,4050.000244,
5077,1065.625,5077,4000,
5078,1065.625,5078,4000,
5079,1065.625,5079,4000,
5080,1066.25,5080,3950,
5081,1066.25,5081,4000,
5082,1066.25,5082,4000,
5083,1066.25,5083,4000,
5084,1066.25,5084,4000,
5085,1066.875,5085,4000,
5086,1067.5,5086,3950,
5087,1068.125,5087,3950,
5088,1068.125,5088,4000,
5089,1067.5,5089,4050.000244,
5090,1066.875,5090,4050.000244,
5091,1066.875,5091,4000,
5092,1066.25,5092,4050.000244,
5093,1066.25,5093,3950,
5094,1066.25,5094,4000,
5095,1066.25,5095,4000,
5096,1066.25,5096,4000,
5097,1066.25,5097,4000,
5098,1065.625,5098,4000,
5099,1065.625,5099,4000,
5100,1066.25,5100,4000,
5101,1066.875,5101,3950,
5102,1066.875,5102,4000,
5103,1067.5,5103,4000,
5104,1067.5,5104,4000,
5105,1066.875,5105,4000,
5106,1066.25,5106,4050.000244,
5107,1066.25,5107,4000,
5108,1066.25,5108,4000,
5109,1066.25,5109,4000,
5110,1066.875,5110,3950,
5111,1066.25,5111,4050.000244,
5112,1066.875,5112,3950,
5113,1066.25,5113,4000,
5114,1066.25,5114,4000,
5115,1066.875,5115,4000,
5116,1067.5,5116,3950,
5117,1067.5,5117,4000,
5118,1068.125,5118,4000,
5119,1067.5,5119,4050.000244,
5120,1066.875,5120,4050.000244,
5121,1066.875,5121,4000,
5122,1066.25,5122,4050.000244,
5123,1066.25,5123,3950,
5124,1066.25,5124,4000,
5125,1066.25,5125,4000,
5126,1066.25,5126,4000,
5127,1066.25,5127,4000,
5128,1065.625,5128,4000,
5129,1065.625,5129,4000,
5130,1066.25,5130,3950,
5131,1066.875,5131,3950,
5132,1066.875,5132,4000,
5133,1066.875,5133,4000,
5134,1066.875,5134,4000,
5135,1066.25,5135,4050.000244,
5136,1066.25,5136,4000,
5137,1066.25,5137,4000,
5138,1065.625,5138,4000,
5139,1066.25,5139,3950,
5140,1066.25,5140,4000,
5141,1066.25,5141,4000,
5142,1066.25,5142,4000,
5143,1065.625,5143,4050.000244,
5144,1065.625,5144,4000,
5145,1066.25,5145,4000,
5146,1066.875,5146,3950,
5147,1066.875,5147,4000,
5148,1066.875,5148,4000,
5149,1066.875,5149,4000,
5150,1066.25,5150,4000,
5151,1066.25,5151,4000,
5152,1065.625,5152,4050.000244,
5153,1065.625,5153,3950,
5154,1065.625,5154,4000,
5155,1065.625,5155,4000,
5156,1065.625,5156,4000,
5157,1065.625,5157,4000,
5158,1065,5158,4000,
5159,1064.375,5159,4050.000244,
5160,1065,5160,4000,
5161,1065.625,5161,3950,
5162,1065.625,5162,4000,
5163,1065.625,5163,4000,
5164,1065.625,5164,4000,
5165,1065,5165,4050.000244,
5166,1065,5166,4000,
5167,1064.375,5167,4050.000244,
5168,1064.375,5168,4000,
5169,1064.375,5169,4000,
5170,1065,5170,3950,
5171,1065,5171,4000,
5172,1065,5172,4000,
5173,1064.375,5173,4000,
5174,1064.375,5174,4000,
5175,1065,5175,3950,
5176,1065.625,5176,3950,
5177,1065.625,5177,4000,
5178,1065.625,5178,4000,
5179,1065.625,5179,4000,
5180,1065,5180,4000,
5181,1064.375,5181,4050.000244,
5182,1064.375,5182,4000,
5183,1064.375,5183,4000,
5184,1065,5184,3950,
5185,1065,5185,4000,
5186,1065,5186,4000,
5187,1065,5187,4000,
5188,1064.375,5188,4050.000244,
5189,1064.375,5189,4000,
5190,1065.625,5190,3950,
5191,1065.625,5191,4000,
5192,1066.25,5192,3950,
5193,1066.25,5193,4000,
5194,1066.25,5194,4000,
5195,1065.625,5195,4000,
5196,1065,5196,4050.000244,
5197,1065,5197,4000,
5198,1065,5198,4000,
5199,1065,5199,4000,
5200,1065.625,5200,4000,
5201,1065.625,5201,4000,
5202,1065.625,5202,4000,
5203,1065.625,5203,4000,
5204,1065.625,5204,4000,
5205,1066.25,5205,3950,
5206,1066.25,5206,4000,
5207,1066.875,5207,3950,
5208,1067.5,5208,4000,
5209,1066.875,5209,4050.000244,
5210,1066.25,5210,4050.000244,
5211,1066.25,5211,4000,
5212,1065.625,5212,4050.000244,
5213,1065.625,5213,4000,
5214,1066.25,5214,3950,
5215,1066.25,5215,4000,
5216,1066.875,5216,3950,
5217,1066.875,5217,4000,
5218,1066.875,5218,4000,
5219,1066.875,5219,4000,
5220,1067.5,5220,3950,
5221,1068.125,5221,3950,
5222,1068.75,5222,3950,
5223,1068.75,5223,4000,
5224,1068.125,5224,4050.000244,
5225,1068.125,5225,4000,
5226,1067.5,5226,4050.000244,
5227,1067.5,5227,4000,
5228,1067.5,5228,4000,
5229,1068.125,5229,3950,
5230,1068.125,5230,4000,
5231,1068.75,5231,3950,
5232,1068.75,5232,4000,
5233,1068.125,5233,4050.000244,
5234,1068.75,5234,3950,
5235,1069.375,5235,3950,
5236,1070,5236,3950,
5237,1070,5237,4000,
5238,1070.625,5238,4000,
5239,1070,5239,4050.000244,
5240,1069.375,5240,4050.000244,
5241,1068.75,5241,4050.000244,
5242,1068.75,5242,4000,
5243,1068.75,5243,4000,
5244,1069.375,5244,3950,
5245,1070,5245,3950,
5246,1070.625,5246,3950,
5247,1070,5247,4050.000244,
5248,1070,5248,4000,
5249,1070,5249,4000,
5250,1070.625,5250,4000,
5251,1071.25,5251,3950,
5252,1071.25,5252,4000,
5253,1071.25,5253,4000,
5254,1070.625,5254,4050.000244,
5255,1070,5255,4000,
5256,1069.375,5256,4050.000244,
5257,1068.75,5257,4050.000244,
5258,1068.75,5258,4000,
5259,1069.375,5259,3950,
5260,1070.625,5260,3900,
5261,1070.625,5261,4000,
5262,1070.625,5262,4000,
5263,1070.625,5263,4000,
5264,1070.625,5264,4000,
5265,1071.25,5265,4000,
5266,1071.25,5266,4000,
5267,1071.875,5267,3950,
5268,1071.875,5268,4000,
5269,1071.875,5269,4000,
5270,1070.625,5270,4050.000244,
5271,1070,5271,4050.000244,
5272,1069.375,5272,4050.000244,
5273,1069.375,5273,4000,
5274,1070,5274,3950,
5275,1070,5275,4000,
5276,1070.625,5276,3950,
5277,1070.625,5277,4000,
5278,1070,5278,4000,
5279,1070,5279,4000,
5280,1070.625,5280,3950,
5281,1070.625,5281,4000,
5282,1071.25,5282,3950,
5283,1070.625,5283,4050.000244,
5284,1070.625,5284,4000,
5285,1069.375,5285,4050.000244,
5286,1068.75,5286,4050.000244,
5287,1068.125,5287,4050.000244,
5288,1068.125,5288,4000,
5289,1068.125,5289,4000,
5290,1068.75,5290,4000,
5291,1068.75,5291,4000,
5292,1069.375,5292,3950,
5293,1068.75,5293,4000,
5294,1068.75,5294,4000,
5295,1069.375,5295,3950,
5296,1070,5296,3950,
5297,1070,5297,4000,
5298,1069.375,5298,4050.000244,
5299,1068.75,5299,4050.000244,
5300,1068.125,5300,4050.000244,
5301,1067.5,5301,4050.000244,
5302,1066.875,5302,4050.000244,
5303,1066.875,5303,4000,
5304,1066.875,5304,4000,
5305,1067.5,5305,4000,
5306,1068.125,5306,3950,
5307,1068.125,5307,4000,
5308,1067.5,5308,4000,
5309,1067.5,5309,4000,
5310,1068.125,5310,3950,
5311,1068.125,5311,4000,
5312,1068.125,5312,4000,
5313,1068.125,5313,4000,
5314,1066.875,5314,4100,
5315,1066.25,5315,4050.000244,
5316,1065.625,5316,4050.000244,
5317,1065,5317,4050.000244,
5318,1064.375,5318,4000,
5319,1065,5319,3950,
5320,1065.625,5320,3950,
5321,1065.625,5321,4000,
5322,1066.25,5322,3950,
5323,1066.25,5323,3950,
5324,1065.625,5324,4050.000244,
5325,1066.25,5325,4000,
5326,1066.25,5326,4000,
5327,1066.25,5327,4000,
5328,1065.625,5328,4050.000244,
5329,1065,5329,4050.000244,
5330,1064.375,5330,4000,
5331,1063.75,5331,4050.000244,
5332,1063.125,5332,4050.000244,
5333,1062.5,5333,4050.000244,
5334,1063.125,5334,3950,
5335,1063.125,5335,4000,
5336,1063.75,5336,3950,
5337,1063.75,5337,4000,
5338,1063.75,5338,4000,
5339,1063.75,5339,4000,
5340,1063.75,5340,4000,
5341,1064.375,5341,3950,
5342,1064.375,5342,4000,
5343,1064.375,5343,4050.000244,
5344,1063.75,5344,4050.000244,
5345,1062.5,5345,4050.000244,
5346,1061.875,5346,4050.000244,
5347,1061.25,5347,4050.000244,
5348,1061.25,5348,4000,
5349,1061.25,5349,4000,
5350,1061.875,5350,3950,
5351,1061.875,5351,4000,
5352,1061.875,5352,4000,
5353,1061.875,5353,4000,
5354,1061.875,5354,4000,
5355,1062.5,5355,4000,
5356,1063.125,5356,3950,
5357,1063.125,5357,4000,
5358,1063.125,5358,4000,
5359,1062.5,5359,4050.000244,
5360,1061.25,5360,4050.000244,
5361,1060.625,5361,4050.000244,
5362,1060.625,5362,4000,
5363,1060.625,5363,4000,
5364,1060.625,5364,4000,
5365,1060.625,5365,4000,
5366,1061.25,5366,3950,
5367,1061.25,5367,4000,
5368,1061.25,5368,4000,
5369,1061.25,5369,4000,
5370,1061.25,5370,4000,
5371,1061.875,5371,3950,
5372,1061.875,5372,4000,
5373,1061.875,5373,4000,
5374,1061.875,5374,4000,
5375,1060.625,5375,4050.000244,
5376,1060,5376,4050.000244,
5377,1060,5377,4000,
5378,1059.375,5378,4000,
5379,1059.375,5379,4000,
5380,1059.375,5380,4000,
5381,1060,5381,3950,
5382,1060,5382,4000,
5383,1060,5383,4000,
5384,1060,5384,4000,
5385,1060.625,5385,3950,
5386,1060.625,5386,4000,
5387,1060.625,5387,4000,
5388,1060.625,5388,4050.000244,
5389,1060.625,5389,4000,
5390,1059.375,5390,4050.000244,
5391,1058.75,5391,4050.000244,
5392,1058.125,5392,4050.000244,
5393,1057.5,5393,4000,
5394,1057.5,5394,4000,
5395,1057.5,5395,4000,
5396,1058.125,5396,3950,
5397,1057.5,5397,4050.000244,
5398,1057.5,5398,4000,
5399,1057.5,5399,4000,
5400,1058.125,5400,4000,
5401,1058.75,5401,3950,
5402,1058.75,5402,4000,
5403,1059.375,5403,4000,
5404,1058.75,5404,4050.000244,
5405,1058.125,5405,4000,
5406,1057.5,5406,4050.000244,
5407,1056.875,5407,4050.000244,
5408,1056.25,5408,4000,
5409,281.25,5409,800,
5410,386.25,5410,750,
5411,393.75,5411,850,
5412,401.25,5412,850,
5413,406.25,5413,950,
5414,408.75,5414,950,
5415,408.75,5415,1000,
5416,411.25,5416,950,
5417,411.25,5417,1000,
5418,408.75,5418,1050,
5419,408.75,5419,1000,
5420,408.75,5420,1000,
5421,408.75,5421,1000,
5422,408.75,5422,1000,
5423,408.75,5423,1000,
5424,406.25,5424,1050,
5425,406.25,5425,1000,
5426,408.75,5426,950,
5427,408.75,5427,1000,
5428,411.25,5428,950,
5429,411.25,5429,1000,
5430,408.75,5430,1050,
5431,408.75,5431,1000,
5432,411.25,5432,950,
5433,411.25,5433,1000,
5434,411.25,5434,1000,
5435,408.75,5435,1000,
5436,408.75,5436,1000,
5437,413.295441,5437,1000,
5438,420.113617,5438,1050,
5439,422.386353,5439,1050,
5440,424.659088,5440,1050,
5441,426.931824,5441,1050,
5442,429.204559,5442,1050,
5443,431.477295,5443,1050,
5444,431.477295,5444,1100,
5445,431.477295,5445,1100,
5446,433.750031,5446,1050,
5447,433.750031,5447,1100,
5448,433.750031,5448,1100,
5449,433.750031,5449,1100,
5450,433.750031,5450,1100,
5451,433.750031,5451,1100,
5452,433.750031,5452,1100,
5453,431.477295,5453,1150,
5454,431.477295,5454,1100,
5455,429.204559,5455,1100,
5456,429.204559,5456,1100,
5457,431.477295,5457,1050,
5458,433.750031,5458,1100,
5459,436.022766,5459,1050,
5460,438.295502,5460,1100,
5461,438.295502,5461,1100,
5462,438.295502,5462,1100,
5463,438.295502,5463,1100,
5464,438.295502,5464,1100,
5465,438.295502,5465,1100,
5466,436.022766,5466,1150,
5467,436.022766,5467,1100,
5468,433.750031,5468,1100,
5469,433.750031,5469,1100,
5470,433.750031,5470,1100,
5471,433.750031,5471,1100,
5472,433.750031,5472,1100,
5473,436.022766,5473,1100,
5474,436.022766,5474,1100,
5475,433.750031,5475,1150,
5476,433.750031,5476,1100,
5477,431.477295,5477,1150,
5478,431.477295,5478,1100,
5479,431.477295,5479,1100,
5480,429.204559,5480,1100,
5481,433.371216,5481,1100,
5482,437.537872,5482,1100,
5483,443.787872,5483,1100,
5484,445.871216,5484,1150,
5485,447.954559,5485,1150,
5486,447.954559,5486,1200,
5487,447.954559,5487,1200,
5488,450.037903,5488,1200,
5489,450.037903,5489,1200,
5490,452.121246,5490,1200,
5491,454.20459,5491,1150,
5492,454.20459,5492,1200,
5493,454.20459,5493,1200,
5494,456.287933,5494,1150,
5495,458.371277,5495,1200,
5496,460.45462,5496,1150,
5497,460.45462,5497,1200,
5498,460.45462,5498,1200,
5499,460.45462,5499,1200,
5500,460.45462,5500,1200,
5501,460.45462,5501,1200,
5502,460.45462,5502,1200,
5503,460.45462,5503,1200,
5504,458.371277,5504,1250,
5505,456.287933,5505,1250,
5506,456.287933,5506,1200,
5507,454.20459,5507,1250,
5508,454.20459,5508,1150,
5509,452.121246,5509,1250,
5510,454.20459,5510,1200,
5511,456.287933,5511,1150,
5512,458.371277,5512,1150,
5513,460.45462,5513,1200,
5514,460.45462,5514,1200,
5515,462.537964,5515,1200,
5516,462.537964,5516,1200,
5517,462.537964,5517,1200,
5518,460.45462,5518,1200,
5519,460.45462,5519,1200,
5520,458.371277,5520,1250,
5521,458.371277,5521,1200,
5522,456.287933,5522,1250,
5523,456.287933,5523,1200,
5524,462.057159,5524,1150,
5525,467.826385,5525,1200,
5526,467.826385,5526,1300,
5527,469.749451,5527,1250,
5528,471.672516,5528,1300,
5529,471.672516,5529,1300,
5530,469.749451,5530,1350,
5531,469.749451,5531,1300,
5532,471.672516,5532,1250,
5533,471.672516,5533,1300,
5534,471.672516,5534,1300,
5535,473.595581,5535,1300,
5536,475.518646,5536,1250,
5537,475.518646,5537,1300,
5538,477.441711,5538,1250,
5539,477.441711,5539,1300,
5540,481.287842,5540,1250,
5541,479.364777,5541,1350,
5542,479.364777,5542,1300,
5543,481.287842,5543,1250,
5544,483.210907,5544,1250,
5545,483.210907,5545,1300,
5546,483.210907,5546,1300,
5547,483.210907,5547,1300,
5548,481.287842,5548,1350,
5549,481.287842,5549,1300,
5550,479.364777,5550,1300,
5551,479.364777,5551,1300,
5552,479.364777,5552,1300,
5553,479.364777,5553,1300,
5554,477.441711,5554,1350,
5555,477.441711,5555,1300,
5556,477.441711,5556,1300,
5557,477.441711,5557,1300,
5558,479.364777,5558,1250,
5559,481.287842,5559,1250,
5560,485.133972,5560,1250,
5561,485.133972,5561,1300,
5562,485.133972,5562,1300,
5563,485.133972,5563,1300,
5564,485.133972,5564,1300,
5565,483.210907,5565,1300,
5566,481.287842,5566,1350,
5567,479.364777,5567,1350,
5568,482.936218,5568,1300,
5569,484.721924,5569,1350,
5570,490.079071,5570,1350,
5571,493.650513,5571,1300,
5572,493.650513,5572,1400,
5573,495.436218,5573,1400,
5574,495.436218,5574,1400,
5575,495.436218,5575,1400,
5576,495.436218,5576,1400,
5577,495.436218,5577,1400,
5578,493.650513,5578,1450,
5579,495.436218,5579,1350,
5580,495.436218,5580,1400,
5581,495.436218,5581,1400,
5582,495.436218,5582,1400,
5583,497.221924,5583,1400,
5584,497.221924,5584,1400,
5585,499.007629,5585,1350,
5586,499.007629,5586,1400,
5587,499.007629,5587,1400,
5588,500.793335,5588,1400,
5589,502.579041,5589,1350,
5590,504.364746,5590,1400,
5591,506.150452,5591,1350,
5592,506.150452,5592,1400,
5593,506.150452,5593,1400,
5594,506.150452,5594,1400,
5595,504.364746,5595,1450,
5596,506.150452,5596,1350,
5597,504.364746,5597,1450,
5598,504.364746,5598,1400,
5599,504.364746,5599,1400,
5600,502.579041,5600,1400,
5601,504.364746,5601,1350,
5602,504.364746,5602,1400,
5603,506.150452,5603,1350,
5604,506.150452,5604,1400,
5605,506.150452,5605,1400,
5606,506.150452,5606,1400,
5607,506.150452,5607,1400,
5608,506.150452,5608,1400,
5609,504.364746,5609,1450,
5610,504.364746,5610,1400,
5611,504.364746,5611,1400,
5612,504.364746,5612,1400,
5613,511.031433,5613,1400,
5614,514.364746,5614,1400,
5615,517.69812,5615,1450,
5616,517.69812,5616,1500,
5617,519.364807,5617,1450,
5618,521.031494,5618,1450,
5619,521.031494,5619,1500,
5620,521.031494,5620,1450,
5621,521.031494,5621,1500,
5622,521.031494,5622,1500,
5623,521.031494,5623,1500,
5624,521.031494,5624,1500,
5625,521.031494,5625,1500,
5626,521.031494,5626,1500,
5627,522.698181,5627,1450,
5628,524.364868,5628,1500,
5629,524.364868,5629,1500,
5630,527.698242,5630,1450,
5631,527.698242,5631,1500,
5632,529.364929,5632,1450,
5633,529.364929,5633,1500,
5634,529.364929,5634,1500,
5635,527.698242,5635,1550,
5636,527.698242,5636,1500,
5637,527.698242,5637,1500,
5638,527.698242,5638,1500,
5639,526.031555,5639,1550,
5640,524.364868,5640,1500,
5641,522.698181,5641,1550,
5642,524.364868,5642,1450,
5643,526.031555,5643,1450,
5644,526.031555,5644,1500,
5645,529.364929,5645,1450,
5646,529.364929,5646,1500,
5647,529.364929,5647,1500,
5648,531.031616,5648,1500,
5649,531.031616,5649,1500,
5650,527.698242,5650,1550,
5651,527.698242,5651,1500,
5652,527.698242,5652,1500,
5653,527.698242,5653,1500,
5654,527.698242,5654,1500,
5655,526.031555,5655,1500,
5656,527.594055,5656,1550,
5657,530.719055,5657,1500,
5658,535.406555,5658,1550,
5659,536.969055,5659,1550,
5660,540.094055,5660,1500,
5661,540.094055,5661,1600,
5662,541.656555,5662,1550,
5663,543.219055,5663,1600,
5664,543.219055,5664,1600,
5665,544.781555,5665,1600,
5666,546.344055,5666,1550,
5667,547.906555,5667,1550,
5668,549.469055,5668,1550,
5669,549.469055,5669,1600,
5670,552.594055,5670,1550,
5671,554.156555,5671,1550,
5672,552.594055,5672,1650,
5673,554.156555,5673,1600,
5674,554.156555,5674,1600,
5675,552.594055,5675,1600,
5676,552.594055,5676,1600,
5677,552.594055,5677,1600,
5678,552.594055,5678,1600,
5679,552.594055,5679,1600,
5680,551.031555,5680,1650,
5681,551.031555,5681,1600,
5682,552.594055,5682,1550,
5683,555.719055,5683,1550,
5684,555.719055,5684,1600,
5685,555.719055,5685,1600,
5686,557.281555,5686,1550,
5687,555.719055,5687,1650,
5688,554.156555,5688,1600,
5689,552.594055,5689,1650,
5690,551.031555,5690,1650,
5691,551.031555,5691,1600,
5692,551.031555,5692,1600,
5693,549.469055,5693,1650,
5694,549.469055,5694,1600,
5695,547.906555,5695,1600,
5696,547.906555,5696,1600,
5697,547.906555,5697,1600,
5698,547.906555,5698,1600,
5699,550.847717,5699,1600,
5700,556.730042,5700,1600,
5701,558.200623,5701,1650,
5702,561.141785,5702,1600,
5703,564.082947,5703,1650,
5704,565.553528,5704,1650,
5705,568.49469,5705,1650,
5706,568.49469,5706,1700,
5707,569.965271,5707,1650,
5708,572.906433,5708,1700,
5709,574.377014,5709,1650,
5710,575.847595,5710,1700,
5711,575.847595,5711,1700,
5712,575.847595,5712,1700,
5713,575.847595,5713,1700,
5714,575.847595,5714,1700,
5715,574.377014,5715,1750,
5716,574.377014,5716,1700,
5717,574.377014,5717,1700,
5718,574.377014,5718,1700,
5719,574.377014,5719,1700,
5720,577.318176,5720,1650,
5721,575.847595,5721,1750,
5722,577.318176,5722,1650,
5723,577.318176,5723,1700,
5724,575.847595,5724,1750,
5725,575.847595,5725,1700,
5726,574.377014,5726,1750,
5727,574.377014,5727,1700,
5728,574.377014,5728,1700,
5729,572.906433,5729,1750,
5730,572.906433,5730,1700,
5731,571.435852,5731,1750,
5732,571.435852,5732,1700,
5733,569.965271,5733,1700,
5734,569.965271,5734,1700,
5735,569.965271,5735,1700,
5736,569.965271,5736,1700,
5737,569.965271,5737,1700,
5738,569.965271,5738,1700,
5739,571.435852,5739,1650,
5740,572.906433,5740,1650,
5741,572.906433,5741,1700,
5742,574.377014,5742,1650,
5743,575.847595,5743,1700,
5744,577.318176,5744,1650,
5745,578.788757,5745,1700,
5746,581.566528,5746,1700,
5747,585.733215,5747,1650,
5748,589.899902,5748,1750,
5749,591.288818,5749,1750,
5750,594.06665,5750,1750,
5751,594.06665,5751,1800,
5752,594.06665,5752,1800,
5753,595.455566,5753,1800,
5754,596.844482,5754,1750,
5755,599.622314,5755,1750,
5756,599.622314,5756,1800,
5757,601.01123,5757,1750,
5758,601.01123,5758,1800,
5759,601.01123,5759,1800,
5760,599.622314,5760,1800,
5761,599.622314,5761,1800,
5762,598.233398,5762,1850,
5763,598.233398,5763,1800,
5764,598.233398,5764,1800,
5765,595.455566,5765,1850,
5766,595.455566,5766,1800,
5767,594.06665,5767,1850,
5768,594.06665,5768,1800,
5769,594.06665,5769,1800,
5770,594.06665,5770,1800,
5771,594.06665,5771,1800,
5772,594.06665,5772,1800,
5773,595.455566,5773,1800,
5774,595.455566,5774,1800,
5775,596.844482,5775,1750,
5776,598.233398,5776,1750,
5777,598.233398,5777,1800,
5778,599.622314,5778,1800,
5779,601.01123,5779,1750,
5780,601.01123,5780,1800,
5781,601.01123,5781,1800,
5782,602.400146,5782,1750,
5783,601.01123,5783,1850,
5784,601.01123,5784,1800,
5785,599.622314,5785,1800,
5786,599.622314,5786,1800,
5787,601.01123,5787,1750,
5788,602.400146,5788,1800,
5789,602.400146,5789,1800,
5790,607.66333,5790,1800,
5791,610.294922,5791,1800,
5792,611.610718,5792,1850,
5793,612.926514,5793,1900,
5794,612.926514,5794,1900,
5795,614.24231,5795,1850,
5796,615.558105,5796,1850,
5797,615.558105,5797,1900,
5798,615.558105,5798,1900,
5799,615.558105,5799,1900,
5800,615.558105,5800,1900,
5801,615.558105,5801,1900,
5802,615.558105,5802,1900,
5803,616.873901,5803,1900,
5804,616.873901,5804,1900,
5805,616.873901,5805,1900,
5806,618.189697,5806,1850,
5807,618.189697,5807,1900,
5808,618.189697,5808,1900,
5809,619.505493,5809,1850,
5810,620.821289,5810,1850,
5811,622.137085,5811,1850,
5812,622.137085,5812,1900,
5813,623.452881,5813,1900,
5814,623.452881,5814,1900,
5815,623.452881,5815,1900,
5816,623.452881,5816,1900,
5817,622.137085,5817,1950,
5818,622.137085,5818,1900,
5819,623.452881,5819,1850,
5820,623.452881,5820,1900,
5821,623.452881,5821,1900,
5822,624.768677,5822,1850,
5823,624.768677,5823,1900,
5824,623.452881,5824,1950,
5825,622.137085,5825,1950,
5826,622.137085,5826,1900,
5827,620.821289,5827,1950,
5828,620.821289,5828,1900,
5829,619.505493,5829,1950,
5830,619.505493,5830,1900,
5831,618.189697,5831,1950,
5832,618.189697,5832,1900,
5833,618.189697,5833,1900,
5834,619.439697,5834,1950,
5835,624.439697,5835,1900,
5836,625.689697,5836,1950,
5837,626.939697,5837,1950,
5838,630.689697,5838,1950,
5839,631.939697,5839,1950,
5840,635.689697,5840,1950,
5841,638.189697,5841,1900,
5842,639.439697,5842,1950,
5843,641.939697,5843,1950,
5844,643.189697,5844,1950,
5845,644.439697,5845,1950,
5846,644.439697,5846,2000,
5847,644.439697,5847,2000,
5848,644.439697,5848,1950,
5849,643.189697,5849,2050,
5850,644.439697,5850,2000,
5851,645.689697,5851,1950,
5852,646.939697,5852,1950,
5853,648.189697,5853,2000,
5854,648.189697,5854,2000,
5855,646.939697,5855,2050,
5856,645.689697,5856,2050,
5857,645.689697,5857,2000,
5858,644.439697,5858,2000,
5859,644.439697,5859,2000,
5860,643.189697,5860,2000,
5861,643.189697,5861,2000,
5862,641.939697,5862,2050,
5863,640.689697,5863,2000,
5864,640.689697,5864,2000,
5865,641.939697,5865,1950,
5866,641.939697,5866,2000,
5867,641.939697,5867,2000,
5868,641.939697,5868,2000,
5869,643.189697,5869,1950,
5870,644.439697,5870,1950,
5871,644.439697,5871,2000,
5872,644.439697,5872,2000,
5873,645.689697,5873,2000,
5874,645.689697,5874,2000,
5875,646.939697,5875,1950,
5876,646.939697,5876,2000,
5877,649.320679,5877,2000,
5878,654.082642,5878,2000,
5879,655.273132,5879,2050,
5880,660.035095,5880,2000,
5881,661.225586,5881,2050,
5882,663.606567,5882,2000,
5883,665.987549,5883,2050,
5884,665.987549,5884,2100,
5885,664.797058,5885,2150,
5886,664.797058,5886,2100,
5887,664.797058,5887,2100,
5888,664.797058,5888,2100,
5889,663.606567,5889,2150,
5890,663.606567,5890,2100,
5891,662.416077,5891,2150,
5892,662.416077,5892,2100,
5893,662.416077,5893,2100,
5894,661.225586,5894,2150,
5895,661.225586,5895,2100,
5896,661.225586,5896,2100,
5897,661.225586,5897,2100,
5898,661.225586,5898,2050,
5899,661.225586,5899,2100,
5900,663.606567,5900,2050,
5901,663.606567,5901,2100,
5902,664.797058,5902,2050,
5903,667.17804,5903,2050,
5904,667.17804,5904,2100,
5905,668.36853,5905,2100,
5906,668.36853,5906,2100,
5907,668.36853,5907,2100,
5908,668.36853,5908,2100,
5909,668.36853,5909,2100,
5910,669.559021,5910,2100,
5911,669.559021,5911,2100,
5912,669.559021,5912,2100,
5913,668.36853,5913,2150,
5914,667.17804,5914,2150,
5915,665.987549,5915,2150,
5916,665.987549,5916,2100,
5917,665.987549,5917,2100,
5918,664.797058,5918,2150,
5919,663.606567,5919,2150,
5920,662.416077,5920,2150,
5921,662.416077,5921,2100,
5922,663.552429,5922,2150,
5923,666.961487,5923,2150,
5924,668.097839,5924,2150,
5925,670.370544,5925,2150,
5926,671.506897,5926,2150,
5927,673.779602,5927,2100,
5928,677.18866,5928,2100,
5929,678.325012,5929,2150,
5930,680.597717,5930,2200,
5931,681.73407,5931,2150,
5932,682.870422,5932,2150,
5933,684.006775,5933,2200,
5934,684.006775,5934,2200,
5935,682.870422,5935,2250,
5936,682.870422,5936,2200,
5937,684.006775,5937,2150,
5938,686.27948,5938,2150,
5939,686.27948,5939,2200,
5940,687.415833,5940,2200,
5941,687.415833,5941,2200,
5942,687.415833,5942,2200,
5943,686.27948,5943,2250,
5944,686.27948,5944,2200,
5945,685.143127,5945,2250,
5946,684.006775,5946,2250,
5947,684.006775,5947,2200,
5948,682.870422,5948,2200,
5949,681.73407,5949,2250,
5950,681.73407,5950,2200,
5951,681.73407,5951,2200,
5952,681.73407,5952,2200,
5953,681.73407,5953,2200,
5954,682.870422,5954,2150,
5955,684.006775,5955,2150,
5956,684.006775,5956,2200,
5957,684.006775,5957,2200,
5958,685.143127,5958,2200,
5959,685.143127,5959,2200,
5960,687.415833,5960,2150,
5961,687.415833,5961,2200,
5962,686.27948,5962,2250,
5963,686.27948,5963,2200,
5964,687.415833,5964,2150,
5965,690.676697,5965,2150,
5966,692.850586,5966,2200,
5967,695.024475,5967,2200,
5968,697.198425,5968,2250,
5969,698.2854,5969,2250,
5970,699.372375,5970,2250,
5971,699.372375,5971,2300,
5972,700.459351,5972,2250,
5973,700.459351,5973,2250,
5974,700.459351,5974,2300,
5975,699.372375,5975,2350,
5976,700.459351,5976,2250,
5977,700.459351,5977,2300,
5978,699.372375,5978,2350,
5979,699.372375,5979,2300,
5980,700.459351,5980,2250,
5981,700.459351,5981,2300,
5982,701.546326,5982,2250,
5983,703.720215,5983,2200,
5984,704.80719,5984,2250,
5985,706.981079,5985,2200,
5986,706.981079,5986,2300,
5987,708.068054,5987,2250,
5988,708.068054,5988,2300,
5989,706.981079,5989,2350,
5990,708.068054,5990,2300,
5991,708.068054,5991,2300,
5992,709.155029,5992,2250,
5993,709.155029,5993,2250,
5994,708.068054,5994,2350,
5995,708.068054,5995,2300,
5996,706.981079,5996,2350,
5997,708.068054,5997,2250,
5998,708.068054,5998,2300,
5999,706.981079,5999,2350,
6000,705.894104,6000,2350,
6001,705.894104,6001,2300,
6002,704.807129,6002,2350,
6003,703.720154,6003,2300,
6004,703.720154,6004,2300,
6005,701.546204,6005,2350,
6006,701.546204,6006,2300,
6007,701.546204,6007,2300,
6008,702.633179,6008,2300,
6009,705.758179,6009,2250,
6010,710.966492,6010,2250,
6011,713.049805,6011,2300,
6012,715.133118,6012,2300,
6013,717.216492,6013,2350,
6014,718.258179,6014,2350,
6015,718.258179,6015,2400,
6016,719.299866,6016,2350,
6017,720.341553,6017,2350,
6018,722.424927,6018,2350,
6019,723.466614,6019,2350,
6020,724.508301,6020,2400,
6021,724.508301,6021,2400,
6022,724.508301,6022,2400,
6023,725.549988,6023,2350,
6024,724.508301,6024,2450,
6025,723.466614,6025,2450,
6026,723.466614,6026,2400,
6027,722.424927,6027,2450,
6028,722.424927,6028,2400,
6029,722.424927,6029,2400,
6030,722.424927,6030,2400,
6031,721.38324,6031,2450,
6032,722.424927,6032,2350,
6033,722.424927,6033,2400,
6034,723.466614,6034,2350,
6035,724.508301,6035,2350,
6036,724.508301,6036,2400,
6037,724.508301,6037,2400,
6038,725.549988,6038,2400,
6039,725.549988,6039,2400,
6040,725.549988,6040,2400,
6041,725.549988,6041,2400,
6042,725.549988,6042,2400,
6043,726.591675,6043,2400,
6044,726.591675,6044,2400,
6045,726.591675,6045,2450,
6046,726.591675,6046,2400,
6047,725.549988,6047,2450,
6048,725.549988,6048,2400,
6049,725.549988,6049,2400,
6050,724.508301,6050,2400,
6051,724.508301,6051,2400,
6052,725.508301,6052,2450,
6053,729.508301,6053,2400,
6054,730.508301,6054,2450,
6055,733.508301,6055,2450,
6056,734.508301,6056,2450,
6057,735.508301,6057,2450,
6058,736.508301,6058,2450,
6059,737.508301,6059,2450,
6060,740.508301,6060,2450,
6061,741.508301,6061,2450,
6062,743.508301,6062,2400,
6063,745.508301,6063,2450,
6064,745.508301,6064,2500,
6065,745.508301,6065,2500,
6066,746.508301,6066,2450,
6067,747.508301,6067,2450,
6068,747.508301,6068,2500,
6069,747.508301,6069,2500,
6070,748.508301,6070,2500,
6071,748.508301,6071,2500,
6072,748.508301,6072,2500,
6073,748.508301,6073,2500,
6074,748.508301,6074,2500,
6075,748.508301,6075,2500,
6076,747.508301,6076,2550,
6077,747.508301,6077,2500,
6078,745.508301,6078,2550,
6079,745.508301,6079,2500,
6080,744.508301,6080,2500,
6081,744.508301,6081,2500,
6082,744.508301,6082,2500,
6083,745.508301,6083,2450,
6084,746.508301,6084,2450,
6085,747.508301,6085,2450,
6086,747.508301,6086,2500,
6087,748.508301,6087,2450,
6088,747.508301,6088,2500,
6089,746.508301,6089,2550,
6090,747.508301,6090,2500,
6091,748.508301,6091,2450,
6092,748.508301,6092,2500,
6093,749.508301,6093,2450,
6094,749.508301,6094,2500,
6095,753.354492,6095,2500,
6096,755.277588,6096,2500,
6097,757.200684,6097,2500,
6098,759.123779,6098,2550,
6099,759.123779,6099,2600,
6100,760.085327,6100,2600,
6101,760.085327,6101,2600,
6102,761.046875,6102,2550,
6103,762.008423,6103,2550,
6104,762.008423,6104,2600,
6105,762.969971,6105,2600,
6106,763.931519,6106,2550,
6107,763.931519,6107,2600,
6108,765.854614,6108,2550,
6109,766.816162,6109,2550,
6110,767.77771,6110,2550,
6111,767.77771,6111,2600,
6112,767.77771,6112,2600,
6113,768.739258,6113,2550,
6114,769.700806,6114,2550,
6115,770.662354,6115,2600,
6116,771.623901,6116,2550,
6117,771.623901,6117,2600,
6118,770.662354,6118,2650,
6119,770.662354,6119,2600,
6120,770.662354,6120,2600,
6121,770.662354,6121,2600,
6122,769.700806,6122,2650,
6123,769.700806,6123,2600,
6124,769.700806,6124,2600,
6125,768.739258,6125,2600,
6126,768.739258,6126,2600,
6127,767.77771,6127,2650,
6128,767.77771,6128,2600,
6129,767.77771,6129,2600,
6130,767.77771,6130,2600,
6131,768.739258,6131,2550,
6132,769.700806,6132,2550,
6133,770.662354,6133,2600,
6134,771.623901,6134,2550,
6135,770.662354,6135,2650,
6136,770.662354,6136,2600,
6137,771.623901,6137,2550,
6138,773.475769,6138,2600,
6139,775.327637,6139,2600,
6140,779.031372,6140,2600,
6141,780.88324,6141,2600,
6142,781.809143,6142,2650,
6143,783.66095,6143,2650,
6144,784.586853,6144,2650,
6145,786.43866,6145,2650,
6146,786.43866,6146,2700,
6147,786.43866,6147,2700,
6148,787.364563,6148,2650,
6149,787.364563,6149,2700,
6150,787.364563,6150,2700,
6151,788.290466,6151,2650,
6152,788.290466,6152,2700,
6153,790.142273,6153,2650,
6154,791.068176,6154,2650,
6155,793.845947,6155,2650,
6156,793.845947,6156,2700,
6157,794.771851,6157,2650,
6158,793.845947,6158,2700,
6159,793.845947,6159,2700,
6160,794.771851,6160,2700,
6161,795.697754,6161,2650,
6162,796.623657,6162,2650,
6163,797.549561,6163,2650,
6164,797.549561,6164,2700,
6165,796.623657,6165,2700,
6166,796.623657,6166,2700,
6167,795.697754,6167,2750,
6168,794.771851,6168,2700,
6169,793.845947,6169,2750,
6170,793.845947,6170,2700,
6171,793.845947,6171,2700,
6172,793.845947,6172,2700,
6173,793.845947,6173,2650,
6174,792.920044,6174,2750,
6175,794.771851,6175,2650,
6176,794.771851,6176,2700,
6177,795.697754,6177,2650,
6178,795.697754,6178,2700,
6179,795.697754,6179,2700,
6180,795.697754,6180,2700,
6181,797.483459,6181,2700,
6182,800.162048,6182,2650,
6183,803.733459,6183,2700,
6184,805.519165,6184,2700,
6185,808.197754,6185,2750,
6186,809.090637,6186,2750,
6187,809.090637,6187,2800,
6188,809.983521,6188,2800,
6189,810.876404,6189,2750,
6190,811.769287,6190,2750,
6191,811.769287,6191,2800,
6192,811.769287,6192,2800,
6193,812.66217,6193,2800,
6194,812.66217,6194,2800,
6195,812.66217,6195,2800,
6196,812.66217,6196,2800,
6197,813.555054,6197,2750,
6198,815.340759,6198,2700,
6199,816.233643,6199,2750,
6200,817.126526,6200,2750,
6201,817.126526,6201,2800,
6202,817.126526,6202,2800,
6203,817.126526,6203,2800,
6204,817.126526,6204,2800,
6205,818.019409,6205,2800,
6206,818.019409,6206,2800,
6207,818.912292,6207,2750,
6208,818.912292,6208,2800,
6209,818.912292,6209,2800,
6210,818.912292,6210,2800,
6211,818.019409,6211,2850,
6212,818.019409,6212,2800,
6213,817.126526,6213,2850,
6214,816.233643,6214,2850,
6215,815.340759,6215,2850,
6216,815.340759,6216,2800,
6217,815.340759,6217,2800,
6218,815.340759,6218,2800,
6219,816.233643,6219,2750,
6220,817.126526,6220,2800,
6221,818.019409,6221,2750,
6222,818.019409,6222,2800,
6223,817.126526,6223,2850,
6224,817.126526,6224,2800,
6225,820.574768,6225,2800,
6226,823.16095,6226,2750,
6227,824.885071,6227,2800,
6228,828.333313,6228,2800,
6229,829.195374,6229,2850,
6230,830.919495,6230,2850,
6231,832.643616,6231,2800,
6232,832.643616,6232,2900,
6233,833.505676,6233,2850,
6234,832.643616,6234,2950,
6235,833.505676,6235,2900,
6236,834.367737,6236,2850,
6237,834.367737,6237,2900,
6238,835.229797,6238,2850,
6239,835.229797,6239,2900,
6240,836.953918,6240,2850,
6241,837.815979,6241,2850,
6242,837.815979,6242,2900,
6243,838.67804,6243,2900,
6244,839.5401,6244,2850,
6245,839.5401,6245,2850,
6246,840.402161,6246,2850,
6247,840.402161,6247,2900,
6248,841.264221,6248,2900,
6249,841.264221,6249,2900,
6250,841.264221,6250,2900,
6251,840.402161,6251,2950,
6252,840.402161,6252,2900,
6253,840.402161,6253,2900,
6254,839.5401,6254,2950,
6255,839.5401,6255,2900,
6256,839.5401,6256,2900,
6257,839.5401,6257,2900,
6258,838.67804,6258,2900,
6259,838.67804,6259,2900,
6260,839.5401,6260,2850,
6261,839.5401,6261,2900,
6262,840.402161,6262,2850,
6263,842.126282,6263,2850,
6264,842.126282,6264,2900,
6265,842.126282,6265,2900,
6266,841.264221,6266,2950,
6267,841.264221,6267,2900,
6268,842.126282,6268,2900,
6269,843.792969,6269,2900,
6270,847.126343,6270,2900,
6271,847.959656,6271,2950,
6272,849.626343,6272,2900,
6273,851.292969,6273,2950,
6274,852.959656,6274,2900,
6275,852.959656,6275,3000,
6276,853.792969,6276,2950,
6277,853.792969,6277,3000,
6278,854.626282,6278,3000,
6279,855.459595,6279,2950,
6280,856.292908,6280,2950,
6281,857.959595,6281,2900,
6282,858.792908,6282,2950,
6283,860.459534,6283,2950,
6284,860.459534,6284,3000,
6285,860.459534,6285,3000,
6286,860.459534,6286,3000,
6287,860.459534,6287,3000,
6288,861.292847,6288,2950,
6289,861.292847,6289,3000,
6290,861.292847,6290,3050,
6291,861.292847,6291,3000,
6292,861.292847,6292,3000,
6293,860.459534,6293,3050,
6294,860.459534,6294,3000,
6295,859.626221,6295,3000,
6296,858.792908,6296,3050,
6297,858.792908,6297,3000,
6298,858.792908,6298,3000,
6299,858.792908,6299,3000,
6300,859.626221,6300,2950,
6301,859.626221,6301,3000,
6302,860.459534,6302,2950,
6303,860.459534,6303,3000,
6304,860.459534,6304,3000,
6305,859.626221,6305,3050,
6306,859.626221,6306,3000,
6307,859.626221,6307,3000,
6308,860.459534,6308,2950,
6309,860.459534,6309,3000,
6310,859.626221,6310,3000,
6311,858.792908,6311,3050,
6312,858.792908,6312,3000,
6313,857.126282,6313,3050,
6314,857.126282,6314,3000,
6315,860.352112,6315,3000,
6316,861.158569,6316,3050,
6317,862.771484,6317,3000,
6318,864.384399,6318,3050,
6319,864.384399,6319,3100,
6320,866.803772,6320,3050,
6321,867.610229,6321,3050,
6322,869.223145,6322,3000,
6323,872.448975,6323,3000,
6324,874.06189,6324,3000,
6325,874.868347,6325,3050,
6326,874.868347,6326,3100,
6327,874.868347,6327,3100,
6328,876.481262,6328,3050,
6329,876.481262,6329,3100,
6330,876.481262,6330,3100,
6331,875.674805,6331,3150,
6332,875.674805,6332,3100,
6333,876.481262,6333,3100,
6334,876.481262,6334,3100,
6335,876.481262,6335,3100,
6336,876.481262,6336,3100,
6337,875.674805,6337,3150,
6338,876.481262,6338,3050,
6339,876.481262,6339,3100,
6340,877.28772,6340,3050,
6341,878.900635,6341,3000,
6342,879.707092,6342,3050,
6343,880.51355,6343,3050,
6344,880.51355,6344,3100,
6345,879.707092,6345,3100,
6346,879.707092,6346,3100,
