"d_x","d_y","ts_x","ts_y","f_x","f_y","cs_x","cs_y"
702,341.358826,702,1200,702,1287.370117,702,1200,
703,341.358826,703,1200,703,1289.355957,703,1200,
704,339.672302,704,1200,704,1285.704956,704,1250,
705,339.672302,705,1200,705,1285.2948,705,1200,
706,340.069122,706,1200,706,1284.959473,706,1200,
707,337.985779,707,1200,707,1282.553101,707,1250,
708,338.392273,708,1200,708,1281.190308,708,1219.512207,
709,338.392273,709,1200,709,1280.763306,709,1200,
710,338.789093,710,1200,710,1280.411133,710,1200,
711,338.789093,711,1200,711,1278.996094,711,1200,
712,339.185913,712,1200,712,1278.642212,712,1200,
713,339.185913,713,1200,713,1278.213257,713,1200,
714,339.582733,714,1200,714,1278.213257,714,1200,
715,339.582733,715,1200,715,1277.784302,715,1200,
716,337.89621,716,1200,716,1275.434692,716,1250,
717,339.115723,717,1200,717,1277.829468,717,1170.731689,
718,338.302704,718,1300,718,1277.477417,718,1200,
719,344.07193,719,1300,719,1279.857422,719,1150,
720,350.207458,720,1300,720,1280.016724,720,1250,
721,354.053619,721,1300,721,1282.488281,721,1200,
722,356.526123,722,1300,722,1283.735596,722,1250,
723,357.745636,723,1300,723,1284.533081,723,1268.292725,
724,358.965149,724,1300,724,1284.535522,724,1300,
725,360.888214,725,1300,725,1288.439941,725,1250,
726,361.437653,726,1300,726,1289.204712,726,1300,
727,361.437653,727,1300,727,1289.894653,727,1300,
728,363.876678,728,1300,728,1294.049561,728,1268.292725,
729,363.876678,729,1300,729,1296.129883,729,1300,
730,362.503052,730,1300,730,1295.770996,730,1350,
731,362.503052,731,1300,731,1296.893799,731,1300,
732,361.129425,732,1300,732,1296.219238,732,1350,
733,362.348938,733,1300,733,1298.266113,733,1268.292725,
734,359.769196,734,1300,734,1297.278442,734,1350,
735,359.769196,735,1300,735,1297.278442,735,1300,
736,360.318634,736,1300,736,1297.859131,736,1300,
737,360.318634,737,1300,737,1300.360718,737,1300,
738,360.868073,738,1300,738,1300.147949,738,1300,
739,360.868073,739,1300,739,1301.068848,739,1300,
740,361.430908,740,1300,740,1300.308105,740,1268.292725,
741,361.430908,741,1300,741,1300.743652,741,1300,
742,360.057281,742,1300,742,1296.999634,742,1350,
743,361.980347,743,1300,743,1298.00354,743,1250,
744,360.698303,744,1300,744,1297.519775,744,1300,
745,360.698303,745,1300,745,1297.830933,745,1300,
746,361.247742,746,1300,746,1296.267822,746,1300,
747,361.247742,747,1300,747,1296.233643,747,1300,
748,359.965698,748,1300,748,1295.96936,748,1300,
749,359.965698,749,1300,749,1294.236084,749,1300,
750,358.683655,750,1300,750,1293.303833,750,1300,
751,358.683655,751,1300,751,1294.174683,751,1300,
752,359.233093,752,1300,752,1293.587646,752,1300,
753,359.233093,753,1300,753,1294.797852,753,1300,
754,359.782532,754,1300,754,1293.310425,754,1300,
755,359.782532,755,1300,755,1294.857666,755,1300,
756,360.33197,756,1300,756,1294.857666,756,1300,
757,360.33197,757,1300,757,1294.859863,757,1300,
758,358.958344,758,1300,758,1293.074219,758,1350,
759,358.958344,759,1400,759,1292.731567,759,1300,
760,366.61142,760,1400,760,1293.762573,760,1300,
761,370.182861,761,1400,761,1294.309448,761,1300,
762,376.106201,762,1400,762,1296.383911,762,1317.073242,
763,377.891907,763,1400,763,1299.508911,763,1350,
764,380.330933,764,1400,764,1300.60437,764,1317.073242,
765,380.330933,765,1400,765,1300.938843,765,1400,
766,379.225494,766,1400,766,1299.602783,766,1450,
767,379.225494,767,1400,767,1299.649536,767,1400,
768,379.82074,768,1400,768,1298.314209,768,1450,
769,381.606445,769,1400,769,1300.560547,769,1350,
770,380.586029,770,1400,770,1301.070312,770,1400,
771,380.586029,771,1400,771,1301.810303,771,1400,
772,381.266296,772,1400,772,1302.666504,772,1400,
773,381.266296,773,1400,773,1303.424194,773,1400,
774,380.24588,774,1400,774,1304.007202,774,1400,
775,380.24588,775,1400,775,1304.491699,775,1400,
776,379.140442,776,1400,776,1303.305664,776,1450,
777,379.140442,777,1400,777,1303.305664,777,1400,
778,379.820709,778,1400,778,1303.618652,778,1400,
779,379.820709,779,1400,779,1305.719604,779,1400,
780,380.500977,780,1400,780,1306.395508,780,1400,
781,380.500977,781,1400,781,1305.697632,781,1400,
782,381.181244,782,1400,782,1304.474976,782,1400,
783,379.395538,783,1400,783,1300.961548,783,1450,
784,380.075806,784,1400,784,1299.78833,784,1400,
785,380.075806,785,1400,785,1297.121338,785,1400,
786,378.970367,786,1400,786,1295.407837,786,1450,
787,380.756073,787,1400,787,1298.709839,787,1350,
788,379.735657,788,1400,788,1298.797119,788,1400,
789,379.735657,789,1400,789,1300.266357,789,1400,
790,378.71524,790,1400,790,1298.209595,790,1400,
791,378.71524,791,1400,791,1297.889404,791,1400,
792,379.395508,792,1400,792,1297.685669,792,1400,
793,379.395508,793,1400,793,1297.365479,793,1400,
794,378.29007,794,1400,794,1295.378296,794,1450,
795,380.075775,795,1400,795,1296.904907,795,1350,
796,379.055359,796,1400,796,1296.701172,796,1400,
797,379.055359,797,1400,797,1298.167847,797,1400,
798,379.735626,798,1500,798,1298.167847,798,1400,
799,383.06897,799,1500,799,1298.723877,799,1400,
800,388.783264,800,1500,800,1300.25769,800,1400,
801,390.449921,801,1500,801,1300.434937,801,1450,
802,394.418182,802,1500,802,1299.803711,802,1500,
803,396.084839,803,1500,803,1300.807007,803,1450,
804,398.545135,804,1500,804,1304.009399,804,1450,
805,398.545135,805,1500,805,1304.125854,805,1500,
806,400.984161,806,1500,806,1305.729492,806,1463.414673,
807,400.984161,807,1500,807,1307.914429,807,1500,
808,401.79718,808,1500,808,1307.978027,808,1463.414673,
809,401.79718,809,1500,809,1308.684326,809,1500,
810,402.59082,810,1500,810,1309.520508,810,1500,
811,402.59082,811,1500,811,1310.531128,811,1500,
812,401.79718,812,1500,812,1311.412109,812,1500,
813,400.130524,813,1500,813,1310.475952,813,1550,
814,400.924164,814,1500,814,1311.097778,814,1500,
815,400.924164,815,1500,815,1313.386597,815,1500,
816,400.130524,816,1500,816,1312.206421,816,1500,
817,400.130524,817,1500,817,1312.756592,817,1500,
818,399.257507,818,1500,818,1311.739136,818,1550,
819,400.47702,819,1500,819,1311.739136,819,1463.414673,
820,400.070526,820,1500,820,1311.592651,820,1500,
821,400.070526,821,1500,821,1310.46814,821,1500,
822,399.19751,822,1500,822,1309.016357,822,1550,
823,399.19751,823,1500,823,1309.797852,823,1500,
824,398.324493,824,1500,824,1307.263916,824,1550,
825,399.99115,825,1500,825,1307.505859,825,1450,
826,399.19751,826,1500,826,1307.612427,826,1500,
827,399.19751,827,1500,827,1306.231812,827,1500,
828,398.384491,828,1500,828,1306.888184,828,1463.414673,
829,398.384491,829,1500,829,1305.239624,829,1500,
830,399.178131,830,1500,830,1304.811401,830,1500,
831,399.178131,831,1500,831,1304.253418,831,1500,
832,398.384491,832,1500,832,1303.565796,832,1500,
833,398.384491,833,1500,833,1303.00769,833,1500,
834,399.178131,834,1500,834,1304.280273,834,1500,
835,399.178131,835,1500,835,1303.994751,835,1500,
836,399.971771,836,1500,836,1303.838989,836,1500,
837,399.971771,837,1500,837,1303.812988,837,1500,
838,400.765411,838,1500,838,1303.91687,838,1500,
839,400.765411,839,1500,839,1305.588379,839,1500,
840,401.559052,840,1600,840,1305.588379,840,1500,
841,403.121552,841,1600,841,1304.648437,841,1550,
842,408.553101,842,1600,842,1304.577148,842,1550,
843,411.678101,843,1600,843,1308.04248,843,1500,
844,415.621552,844,1600,844,1309.244385,844,1550,
845,415.621552,845,1600,845,1310.590454,845,1600,
846,418.002502,846,1600,846,1309.122437,846,1600,
847,418.002502,847,1600,847,1309.276855,847,1600,
848,418.895355,848,1600,848,1309.571045,848,1600,
849,418.895355,849,1600,849,1308.916748,849,1600,
850,419.788208,850,1600,850,1309.483643,850,1600,
851,419.788208,851,1600,851,1309.920776,851,1600,
852,419.192963,852,1600,852,1310.264648,852,1600,
853,419.192963,853,1600,853,1310.738281,853,1600,
854,418.523315,854,1600,854,1309.737061,854,1650,
855,418.523315,855,1600,855,1309.976074,855,1600,
856,417.853668,856,1600,856,1308.742432,856,1650,
857,417.853668,857,1600,857,1308.746948,857,1600,
858,418.746521,858,1600,858,1308.891357,858,1600,
859,418.746521,859,1600,859,1308.905884,859,1600,
860,419.639374,860,1600,860,1309.060059,860,1600,
861,418.076874,861,1600,861,1309.060059,861,1650,
862,417.407227,862,1600,862,1308.552246,862,1650,
863,418.62674,863,1600,863,1309.843994,863,1560.975586,
864,418.321869,864,1600,864,1308.007812,864,1600,
865,416.759369,865,1600,865,1305.401489,865,1650,
866,417.652222,866,1600,866,1305.71936,866,1600,
867,416.089722,867,1600,867,1304.057861,867,1650,
868,416.982574,868,1600,868,1303.898071,868,1600,
869,416.982574,869,1600,869,1303.598755,869,1600,
870,417.875427,870,1600,870,1303.439087,870,1600,
871,417.875427,871,1600,871,1303.139648,871,1600,
872,418.76828,872,1600,872,1302.980103,872,1600,
873,418.76828,873,1600,873,1302.913818,873,1600,
874,419.661133,874,1600,874,1302.986938,874,1600,
875,419.661133,875,1600,875,1304.535156,875,1600,
876,419.065887,876,1600,876,1304.620117,876,1600,
877,419.065887,877,1600,877,1306.177856,877,1600,
878,419.95874,878,1600,878,1306.507324,878,1600,
879,419.95874,879,1600,879,1306.697021,879,1600,
880,419.289093,880,1600,880,1305.409302,880,1650,
881,420.851593,881,1600,881,1307.036865,881,1550,
882,420.256348,882,1700,882,1307.036865,882,1600,
883,423.19751,883,1700,883,1309.30957,883,1600,
884,428.519623,884,1700,884,1309.746948,884,1600,
885,429.990204,885,1700,885,1310.165527,885,1650,
886,432.441193,886,1700,886,1312.568604,886,1650,
887,433.911774,887,1700,887,1313.692749,887,1650,
888,434.822144,888,1700,888,1313.887817,888,1750,
889,436.292725,889,1700,889,1315.481812,889,1650,
890,437.273132,890,1700,890,1315.853149,890,1700,
891,437.273132,891,1700,891,1316.084595,891,1700,
892,436.782959,892,1700,892,1314.926392,892,1750,
893,436.782959,893,1700,893,1314.94458,893,1700,
894,437.763367,894,1700,894,1315.109985,894,1700,
895,437.763367,895,1700,895,1315.135742,895,1700,
896,437.343201,896,1700,896,1315.098267,896,1700,
897,437.343201,897,1700,897,1315.154053,897,1700,
898,436.923035,898,1700,898,1315.146851,898,1700,
899,436.923035,899,1700,899,1314.999756,899,1700,
900,436.502869,900,1700,900,1314.789673,900,1700,
901,436.502869,901,1700,901,1316.057007,901,1700,
902,436.012695,902,1700,902,1312.881714,902,1750,
903,437.232208,903,1700,903,1312.881714,903,1658.536499,
904,436.98114,904,1700,904,1310.919678,904,1750,
905,436.98114,905,1700,905,1309.441406,905,1700,
906,437.961548,906,1700,906,1309.287842,906,1700,
907,437.961548,907,1700,907,1308.758789,907,1700,
908,438.941956,908,1700,908,1308.151489,908,1700,
909,438.941956,909,1700,909,1310.0802,909,1700,
910,439.922363,910,1700,910,1309.255249,910,1700,
911,439.922363,911,1700,911,1309.652954,911,1700,
912,439.491943,912,1700,912,1311.126099,912,1658.536499,
913,440.962524,913,1700,913,1314.454224,913,1650,
914,439.071777,914,1700,914,1313.474487,914,1750,
915,440.542358,915,1700,915,1315.27478,915,1650,
916,440.122192,916,1700,916,1315.628906,916,1700,
917,440.122192,917,1700,917,1316.046021,917,1700,
918,438.231445,918,1700,918,1314.858765,918,1750,
919,438.231445,919,1700,919,1315.055176,919,1700,
920,437.801025,920,1700,920,1314.990356,920,1707.317139,
921,437.801025,921,1700,921,1315.185303,921,1700,
922,437.380859,922,1700,922,1315.316895,922,1700,
923,437.380859,923,1700,923,1316.836182,923,1700,
924,436.960693,924,1700,924,1316.836182,924,1700,
925,439.738464,925,1800,925,1318.567017,925,1700,
926,443.508301,926,1800,926,1318.210205,926,1750,
927,446.082825,927,1800,927,1319.228882,927,1707.317139,
928,450.046234,928,1800,928,1320.840942,928,1707.317139,
929,451.43512,929,1800,929,1321.355713,929,1750,
930,452.559448,930,1800,930,1322.035767,930,1750,
931,452.559448,931,1800,931,1321.258789,931,1800,
932,453.643463,932,1800,932,1321.788208,932,1756.097534,
933,455.032349,933,1800,933,1321.609253,933,1750,
934,456.090546,934,1800,934,1319.800781,934,1800,
935,456.090546,935,1800,935,1320.983643,935,1800,
936,457.148743,936,1800,936,1319.39209,936,1800,
937,457.148743,937,1800,937,1319.246582,937,1800,
938,458.20694,938,1800,938,1319.253784,938,1800,
939,458.20694,939,1800,939,1320.865356,939,1800,
940,457.942383,940,1800,940,1321.118408,940,1800,
941,459.331268,941,1800,941,1323.162109,941,1750,
942,459.00058,942,1800,942,1322.354614,942,1850,
943,460.389465,943,1800,943,1324.420898,943,1750,
944,461.47348,944,1800,944,1326.480591,944,1756.097534,
945,461.47348,945,1800,945,1326.480591,945,1800,
946,461.142792,946,1800,946,1325.685303,946,1850,
947,462.362305,947,1800,947,1328.292358,947,1756.097534,
948,462.226807,948,1800,948,1328.184692,948,1800,
949,462.226807,949,1800,949,1327.483765,949,1800,
950,461.955811,950,1800,950,1327.566284,950,1804.878052,
951,461.955811,951,1800,951,1327.610962,951,1800,
952,463.014008,952,1800,952,1329.11853,952,1800,
953,463.014008,953,1800,953,1329.319336,953,1800,
954,462.743011,954,1800,954,1330.287231,954,1756.097534,
955,462.743011,955,1800,955,1331.246338,955,1800,
956,462.478455,956,1800,956,1332.16748,956,1800,
957,462.478455,957,1800,957,1332.936035,957,1800,
958,462.213898,958,1800,958,1333.666504,958,1800,
959,462.213898,959,1800,959,1334.244141,959,1800,
960,461.949341,960,1800,960,1334.783813,960,1800,
961,461.949341,961,1800,961,1335.36145,961,1800,
962,461.684784,962,1800,962,1334.371094,962,1800,
963,461.684784,963,1800,963,1336.035645,963,1800,
964,462.742981,964,1800,964,1335.042114,964,1800,
965,465.374573,965,1900,965,1334.43457,965,1800,
966,471.664673,966,1900,966,1334.43457,966,1756.097534,
967,474.296265,967,1900,967,1337.614624,967,1800,
968,477.993011,968,1900,968,1337.365479,968,1850,
969,480.624603,969,1900,969,1340.018433,969,1800,
970,483.068207,970,1900,970,1341.679077,970,1850,
971,484.28772,971,1900,971,1343.582397,971,1853.658569,
972,486.823029,972,1900,972,1345.812988,972,1850,
973,488.042542,973,1900,973,1347.966187,973,1853.658569,
974,487.978363,974,1900,974,1348.901001,974,1900,
975,489.294159,975,1900,975,1350.194336,975,1850,
976,490.421967,976,1900,976,1351.507202,976,1900,
977,490.421967,977,1900,977,1352.858154,977,1900,
978,491.549774,978,1900,978,1354.365723,978,1900,
979,491.549774,979,1900,979,1355.911377,979,1900,
980,491.424469,980,1900,980,1357.439697,980,1900,
981,491.424469,981,1900,981,1359.005981,981,1900,
982,491.299164,982,1900,982,1360.555054,982,1900,
983,491.299164,983,1900,983,1362.142212,983,1900,
984,489.858063,984,1900,984,1362.266479,984,1950,
985,489.858063,985,1900,985,1363.501221,985,1900,
986,489.670074,986,1900,986,1363.067749,986,1950,
987,489.670074,987,1900,987,1363.067749,987,1900,
988,489.544769,988,1900,988,1362.592896,988,1900,
989,489.544769,989,1900,989,1362.915527,989,1900,
990,488.103668,990,1900,990,1360.070068,990,1950,
991,488.103668,991,1900,991,1359.474976,991,1900,
992,487.978363,992,1900,992,1358.786743,992,1900,
993,487.978363,993,1900,993,1357.643311,993,1900,
994,489.106171,994,1900,994,1356.581421,994,1900,
995,489.106171,995,1900,995,1356.737793,995,1900,
996,488.980865,996,1900,996,1355.384277,996,1900,
997,488.980865,997,1900,997,1355.184204,997,1900,
998,488.792877,998,1900,998,1353.69812,998,1950,
999,490.01239,999,1900,999,1354.699097,999,1853.658569,
1000,489.948212,1000,1900,1000,1354.477051,1000,1900,
1001,489.948212,1001,1900,1001,1354.272217,1001,1900,
1002,491.076019,1002,1900,1002,1354.223877,1002,1900,
1003,491.011841,1003,1900,1003,1354.121216,1003,1902.438965,
1004,490.915558,1004,1900,1004,1352.802124,1004,1950,
1005,492.231354,1005,1900,1005,1355.712524,1005,1850,
1006,492.043365,1006,1900,1006,1354.74707,1006,1950,
1007,492.043365,1007,2000,1007,1356.338745,1007,1900,
1008,496.924316,1008,2000,1008,1356.338745,1008,1900,
1009,499.363342,1009,2000,1009,1357.636963,1009,1902.438965,
1010,501.832855,1010,2000,1010,1358.047852,1010,1950,
1011,503.082855,1011,2000,1011,1360.08728,1011,1950,
1012,505.463806,1012,2000,1012,1359.936768,1012,2000,
1013,506.713806,1013,2000,1013,1361.229492,1013,1950,
1014,506.654297,1014,2000,1014,1360.041992,1014,2050,
1015,507.87381,1015,2000,1015,1361.304932,1015,1951.219604,
1016,507.87381,1016,2000,1016,1361.337402,1016,2000,
1017,507.87381,1017,2000,1017,1361.387451,1017,2000,
1018,509.064301,1018,2000,1018,1361.596436,1018,2000,
1019,509.064301,1019,2000,1019,1363.091797,1019,2000,
1020,507.814301,1020,2000,1020,1360.560059,1020,2050,
1021,507.814301,1021,2000,1021,1360.467773,1021,2000,
1022,507.754791,1022,2000,1022,1359.151611,1022,2050,
1023,508.974304,1023,2000,1023,1360.290894,1023,1951.219604,
1024,508.974304,1024,2000,1024,1360.268921,1024,2000,
1025,508.974304,1025,2000,1025,1361.463257,1025,2000,
1026,508.914795,1026,2000,1026,1358.664551,1026,2050,
1027,510.134308,1027,2000,1027,1361.096069,1027,1951.219604,
1028,510.134308,1028,2000,1028,1361.023315,1028,2000,
1029,511.384308,1029,2000,1029,1361.023315,1029,1950,
1030,512.574768,1030,2000,1030,1360.325195,1030,2000,
1031,512.574768,1031,2000,1031,1360.514404,1031,2000,
1032,512.574768,1032,2000,1032,1360.533325,1032,2000,
1033,512.574768,1033,2000,1033,1361.483887,1033,2000,
1034,513.765259,1034,2000,1034,1361.167725,1034,2000,
1035,513.765259,1035,2000,1035,1363.331787,1035,2000,
1036,513.765259,1036,2000,1036,1362.888916,1036,2000,
1037,512.515259,1037,2000,1037,1362.281738,1037,2050,
1038,512.45575,1038,2000,1038,1361.666748,1038,2050,
1039,513.675232,1039,2000,1039,1363.527588,1039,1951.219604,
1040,512.455688,1040,2000,1040,1363.980835,1040,2000,
1041,512.455688,1041,2000,1041,1365.817505,1041,2000,
1042,511.205688,1042,2000,1042,1365.046509,1042,2050,
1043,511.205688,1043,2000,1043,1366.723755,1043,2000,
1044,511.205688,1044,2000,1044,1365.789185,1044,2000,
1045,511.205688,1045,2000,1045,1366.087402,1045,2000,
1046,508.765198,1046,2000,1046,1364.84082,1046,2050,
1047,508.765198,1047,2100,1047,1366.039917,1047,2000,
1048,513.470459,1048,2100,1048,1364.020264,1048,2050,
1049,515.85144,1049,2100,1049,1364.784424,1049,2000,
1050,519.422913,1050,2100,1050,1364.784424,1050,2050,
1051,520.613403,1051,2100,1051,1364.611938,1051,2050,
1052,523.051086,1052,2100,1052,1364.759521,1052,2050,
1053,524.241577,1053,2100,1053,1365.063354,1053,2050,
1054,526.67926,1054,2100,1054,1365.687256,1054,2050,
1055,527.898743,1055,2100,1055,1366.342285,1055,2048.780518,
1056,529.147339,1056,2100,1056,1367.130981,1056,2050,
1057,529.147339,1057,2100,1057,1366.696899,1057,2100,
1058,530.394531,1058,2100,1058,1367.818237,1058,2100,
1059,531.585022,1059,2100,1059,1370.329468,1059,2050,
1060,531.698425,1060,2100,1060,1368.992065,1060,2100,
1061,531.698425,1061,2100,1061,1369.062012,1061,2100,
1062,532.945618,1062,2100,1062,1369.292847,1062,2100,
1063,532.945618,1063,2100,1063,1370.915161,1063,2100,
1064,533.059021,1064,2100,1064,1371.327759,1064,2100,
1065,533.059021,1065,2100,1065,1371.740234,1065,2100,
1066,531.981934,1066,2100,1066,1370.827026,1066,2150,
1067,531.981934,1067,2100,1067,1372.645508,1067,2100,
1068,532.038635,1068,2100,1068,1372.065796,1068,2150,
1069,533.258118,1069,2100,1069,1374.693848,1069,2048.780518,
1070,530.964233,1070,2100,1070,1373.030762,1070,2150,
1071,532.183716,1071,2100,1071,1373.030762,1071,2048.780518,
1072,531.080322,1072,2100,1072,1373.177612,1072,2100,
1073,529.889832,1073,2100,1073,1371.668823,1073,2150,
1074,530.003235,1074,2100,1074,1371.200317,1074,2100,
1075,530.003235,1075,2100,1075,1370.411865,1075,2100,
1076,530.116638,1076,2100,1076,1369.447876,1076,2100,
1077,530.116638,1077,2100,1077,1368.349976,1077,2100,
1078,530.230042,1078,2100,1078,1368.489624,1078,2100,
1079,529.039551,1079,2100,1079,1367.134644,1079,2150,
1080,529.152954,1080,2100,1080,1365.592651,1080,2100,
1081,530.343445,1081,2100,1081,1366.643311,1081,2050,
1082,530.456848,1082,2100,1082,1366.483154,1082,2100,
1083,530.456848,1083,2100,1083,1366.162354,1083,2100,
1084,531.704041,1084,2100,1084,1366.002197,1084,2100,
1085,531.704041,1085,2100,1085,1365.827393,1085,2100,
1086,532.951233,1086,2100,1086,1365.813599,1086,2100,
1087,535.223938,1087,2200,1087,1367.418579,1087,2100,
1088,540.959839,1088,2200,1088,1368.576294,1088,2100,
1089,542.096191,1089,2200,1089,1369.85083,1089,2150,
1090,544.53125,1090,2200,1090,1368.827026,1090,2150,
1091,545.667603,1091,2200,1091,1370.690308,1091,2150,
1092,548.102661,1092,2200,1092,1370.690308,1092,2150,
1093,548.102661,1093,2200,1093,1370.481689,1093,2200,
1094,549.401367,1094,2200,1094,1371.770386,1094,2200,
1095,550.53772,1095,2200,1095,1373.190552,1095,2150,
1096,549.617798,1096,2200,1096,1372.164551,1096,2250,
1097,549.617798,1097,2200,1097,1372.268921,1097,2200,
1098,549.780151,1098,2200,1098,1371.248413,1098,2250,
1099,549.780151,1099,2200,1099,1371.358276,1099,2200,
1100,549.996582,1100,2200,1100,1372.828979,1100,2200,
1101,549.996582,1101,2200,1101,1373.104736,1101,2200,
1102,550.213013,1102,2200,1102,1372.028442,1102,2200,
1103,550.213013,1103,2200,1103,1372.163208,1103,2200,
1104,549.293091,1104,2200,1104,1371.039062,1104,2250,
1105,550.512573,1105,2200,1105,1372.324951,1105,2146.341553,
1106,550.623413,1106,2200,1106,1372.349731,1106,2200,
1107,551.759766,1107,2200,1107,1373.544434,1107,2150,
1108,551.976196,1108,2200,1108,1373.283936,1108,2200,
1109,553.112549,1109,2200,1109,1373.61731,1109,2150,
1110,553.328979,1110,2200,1110,1373.848267,1110,2200,
1111,553.328979,1111,2200,1111,1373.770874,1111,2200,
1112,553.54541,1112,2200,1112,1373.576294,1112,2200,
1113,553.54541,1113,2200,1113,1373.576294,1113,2200,
1114,553.761841,1114,2200,1114,1374.28125,1114,2200,
1115,553.761841,1115,2200,1115,1374.824463,1115,2200,
1116,553.978271,1116,2200,1116,1374.06665,1116,2200,
1117,552.841919,1117,2200,1117,1374.46167,1117,2250,
1118,553.004272,1118,2200,1118,1373.731689,1118,2250,
1119,553.004272,1119,2200,1119,1375.278442,1119,2200,
1120,552.084351,1120,2200,1120,1374.415649,1120,2250,
1121,552.084351,1121,2200,1121,1374.675659,1121,2200,
1122,552.246704,1122,2200,1122,1373.805786,1122,2250,
1123,552.357544,1123,2200,1123,1374.187256,1123,2195.12207,
1124,551.332031,1124,2200,1124,1373.178223,1124,2250,
1125,551.332031,1125,2200,1125,1374.576294,1125,2200,
1126,550.412109,1126,2200,1126,1372.142578,1126,2250,
1127,550.412109,1127,2300,1127,1372.116333,1127,2200,
1128,554.96698,1128,2300,1128,1371.326782,1128,2200,
1129,556.053955,1129,2300,1129,1370.676636,1129,2250,
1130,559.521912,1130,2300,1130,1369.117676,1130,2250,
1131,561.695801,1131,2300,1131,1370.160034,1131,2200,
1132,564.12854,1132,2300,1132,1370.3302,1132,2250,
1133,565.215515,1133,2300,1133,1370.606812,1133,2250,
1134,567.648254,1134,2300,1134,1370.606812,1134,2250,
1135,567.648254,1135,2300,1135,1370.010742,1135,2300,
1136,570.029236,1136,2300,1136,1369.70166,1136,2300,
1137,571.116211,1137,2300,1137,1370.647095,1137,2250,
1138,571.426758,1138,2300,1138,1371.772461,1138,2300,
1139,572.513733,1139,2300,1139,1374.162231,1139,2250,
1140,572.82428,1140,2300,1140,1374.28418,1140,2300,
1141,572.82428,1141,2300,1141,1375.670776,1141,2300,
1142,573.134827,1142,2300,1142,1375.944824,1142,2300,
1143,573.134827,1143,2300,1143,1377.348877,1143,2300,
1144,573.445374,1144,2300,1144,1377.511963,1144,2300,
1145,573.445374,1145,2300,1145,1379.065552,1145,2300,
1146,572.668945,1146,2300,1146,1378.260864,1146,2350,
1147,572.828003,1147,2300,1147,1380.019165,1147,2292.682861,
1148,571.900085,1148,2300,1148,1379.238037,1148,2350,
1149,572.059143,1149,2300,1149,1379.189575,1149,2292.682861,
1150,571.131226,1150,2300,1150,1378.772583,1150,2350,
1151,571.131226,1151,2300,1151,1379.044189,1151,2300,
1152,571.441772,1152,2300,1152,1377.916992,1152,2300,
1153,571.441772,1153,2300,1153,1377.661621,1153,2300,
1154,570.665344,1154,2300,1154,1376.067139,1154,2350,
1155,571.884888,1155,2300,1155,1376.067139,1155,2243.902344,
1156,572.043945,1156,2300,1156,1376.59668,1156,2300,
1157,572.043945,1157,2300,1157,1376.8396,1157,2300,
1158,572.354492,1158,2300,1158,1375.838135,1158,2300,
1159,572.354492,1159,2300,1159,1375.950073,1159,2300,
1160,573.700256,1160,2300,1160,1374.939697,1160,2300,
1161,573.700256,1161,2300,1161,1375.045166,1161,2300,
1162,573.959045,1162,2300,1162,1374.062988,1162,2350,
1163,573.959045,1163,2300,1163,1374.162476,1163,2300,
1164,574.269592,1164,2300,1164,1374.299194,1164,2300,
1165,574.269592,1165,2300,1165,1374.398315,1165,2300,
1166,573.544983,1166,2300,1166,1374.4104,1166,2300,
1167,573.544983,1167,2300,1167,1375.632202,1167,2300,
1168,572.768555,1168,2300,1168,1374.342041,1168,2350,
1169,573.988098,1169,2300,1169,1377.008301,1169,2243.902344,
1170,573.060181,1170,2300,1170,1375.845581,1170,2350,
1171,573.060181,1171,2400,1171,1377.191284,1171,2300,
1172,576.482849,1172,2400,1172,1376.71228,1172,2350,
1173,578.566162,1173,2400,1173,1377.570801,1173,2300,
1174,580.996765,1174,2400,1174,1377.589478,1174,2350,
1175,582.216309,1175,2400,1175,1379.14978,1175,2341.463379,
1176,584.477478,1176,2400,1176,1379.14978,1176,2350,
1177,584.477478,1177,2400,1177,1378.405396,1177,2400,
1178,586.908081,1178,2400,1178,1379.052124,1178,2350,
1179,587.949768,1179,2400,1179,1379.785034,1179,2350,
1180,589.388306,1180,2400,1180,1380.688477,1180,2350,
1181,589.388306,1181,2400,1181,1380.317383,1181,2400,
1182,590.777222,1182,2400,1182,1380.108276,1182,2400,
1183,591.818909,1183,2400,1183,1382.22522,1183,2350,
1184,593.257446,1184,2400,1184,1383.393799,1184,2350,
1185,593.257446,1185,2400,1185,1383.405396,1185,2400,
1186,593.654297,1186,2400,1186,1383.463379,1186,2400,
1187,593.654297,1187,2400,1187,1383.608521,1187,2400,
1188,594.051147,1188,2400,1188,1383.800171,1188,2400,
1189,594.051147,1189,2400,1189,1385.20166,1189,2400,
1190,593.406311,1190,2400,1190,1382.879883,1190,2450,
1191,594.625854,1191,2400,1191,1385.631226,1191,2341.463379,
1192,593.787415,1192,2400,1192,1384.764893,1192,2450,
1193,595.006958,1193,2400,1193,1387.155884,1193,2341.463379,
1194,594.19397,1194,2400,1194,1386.759033,1194,2400,
1195,594.19397,1195,2400,1195,1387.201904,1195,2400,
1196,593.598755,1196,2400,1196,1387.239746,1196,2400,
1197,592.557068,1197,2400,1197,1387.239746,1197,2450,
1198,592.953918,1198,2400,1198,1388.228394,1198,2400,
1199,592.953918,1199,2400,1199,1387.82605,1199,2400,
1200,592.358704,1200,2400,1200,1387.230835,1200,2400,
1201,592.358704,1201,2400,1201,1386.464966,1201,2400,
1202,592.755554,1202,2400,1202,1386.857788,1202,2400,
1203,592.755554,1203,2400,1203,1387.088501,1203,2400,
1204,593.102783,1204,2400,1204,1385.037231,1204,2450,
1205,594.14447,1205,2400,1205,1385.142334,1205,2350,
1206,594.541321,1206,2400,1206,1385.291992,1206,2400,
1207,593.499634,1207,2400,1207,1384.189209,1207,2450,
1208,594.88855,1208,2400,1208,1384.33313,1208,2400,
1209,594.88855,1209,2400,1209,1384.430908,1209,2400,
1210,594.243713,1210,2400,1210,1383.366943,1210,2450,
1211,595.463257,1211,2400,1211,1386.010864,1211,2341.463379,
1212,594.650269,1212,2400,1212,1384.696411,1212,2400,
1213,594.650269,1213,2400,1213,1385.882324,1213,2400,
1214,594.005432,1214,2400,1214,1383.361572,1214,2450,
1215,594.005432,1215,2500,1215,1383.339478,1215,2400,
1216,597.386414,1216,2500,1216,1382.619995,1216,2450,
1217,599.581543,1217,2500,1217,1383.535767,1217,2390.243896,
1218,601.776672,1218,2500,1218,1383.535767,1218,2500,
1219,602.776672,1219,2500,1219,1383.57959,1219,2450,
1220,605.205261,1220,2500,1220,1383.902344,1220,2450,
1221,606.205261,1221,2500,1221,1384.40918,1221,2450,
1222,607.63385,1222,2500,1222,1384.003662,1222,2500,
1223,608.63385,1223,2500,1223,1384.743164,1223,2450,
1224,610.110046,1224,2500,1224,1385.6521,1224,2450,
1225,610.110046,1225,2500,1225,1386.523926,1225,2500,
1226,610.538635,1226,2500,1226,1384.068481,1226,2550,
1227,611.538635,1227,2500,1227,1384.933105,1227,2450,
1228,612.014832,1228,2500,1228,1385.974609,1228,2500,
1229,613.014832,1229,2500,1229,1386.968384,1229,2450,
1230,613.491028,1230,2500,1230,1386.92981,1230,2500,
1231,613.491028,1231,2500,1231,1388.052856,1231,2500,
1232,613.919617,1232,2500,1232,1385.621948,1232,2550,
1233,614.919617,1233,2500,1233,1386.862183,1233,2450,
1234,615.395813,1234,2500,1234,1387.066895,1234,2500,
1235,615.395813,1235,2500,1235,1388.432495,1235,2500,
1236,614.872009,1236,2500,1236,1387.596802,1236,2550,
1237,616.091492,1237,2500,1237,1389.988647,1237,2439.024414,
1238,615.359802,1238,2500,1238,1389.396118,1238,2500,
1239,615.359802,1239,2500,1239,1389.396118,1239,2500,
1240,614.883606,1240,2500,1240,1389.696777,1240,2500,
1241,614.883606,1241,2500,1241,1389.718628,1241,2500,
1242,614.40741,1242,2500,1242,1389.571899,1242,2500,
1243,614.40741,1243,2500,1243,1390.337646,1243,2500,
1244,613.931213,1244,2500,1244,1389.858032,1244,2500,
1245,613.931213,1245,2500,1245,1389.209106,1245,2500,
1246,614.40741,1246,2500,1246,1389.694946,1246,2500,
1247,613.40741,1247,2500,1247,1390.014282,1247,2550,
1248,613.883606,1248,2500,1248,1389.195923,1248,2500,
1249,615.103088,1249,2500,1249,1390.87854,1249,2439.024414,
1250,614.346985,1250,2500,1250,1388.887939,1250,2550,
1251,615.566467,1251,2500,1251,1390.457031,1251,2439.024414,
1252,614.834778,1252,2500,1252,1390.609009,1252,2500,
1253,614.834778,1253,2500,1253,1391.766968,1253,2500,
1254,615.310974,1254,2600,1254,1390.721802,1254,2500,
1255,617.23407,1255,2600,1255,1390.929565,1255,2500,
1256,620.576538,1256,2600,1256,1390.449341,1256,2550,
1257,622.499634,1257,2600,1257,1392.367676,1257,2500,
1258,624.926392,1258,2600,1258,1390.957275,1258,2550,
1259,625.887939,1259,2600,1259,1391.072266,1259,2550,
1260,627.353149,1260,2600,1260,1391.072266,1260,2600,
1261,628.314697,1261,2600,1261,1391.511353,1261,2550,
1262,628.818359,1262,2600,1262,1389.941528,1262,2650,
1263,630.037842,1263,2600,1263,1390.913208,1263,2536.585449,
1264,630.319275,1264,2600,1264,1390.578979,1264,2600,
1265,630.319275,1265,2600,1265,1390.298462,1265,2600,
1266,630.822937,1266,2600,1266,1389.052979,1266,2650,
1267,631.784485,1267,2600,1267,1389.932007,1267,2550,
1268,632.333923,1268,2600,1268,1390.985352,1268,2600,
1269,632.333923,1269,2600,1269,1390.931152,1269,2600,
1270,632.883362,1270,2600,1270,1389.465698,1270,2600,
1271,632.883362,1271,2600,1271,1390.474731,1271,2600,
1272,633.387024,1272,2600,1272,1387.986938,1272,2650,
1273,634.348572,1273,2600,1273,1389.103027,1273,2550,
1274,634.89801,1274,2600,1274,1389.222534,1274,2600,
1275,634.89801,1275,2600,1275,1389.288208,1275,2600,
1276,634.485901,1276,2600,1276,1388.065063,1276,2650,
1277,634.485901,1277,2600,1277,1388.556274,1277,2600,
1278,635.035339,1278,2600,1278,1387.824341,1278,2600,
1279,635.035339,1279,2600,1279,1387.891357,1279,2600,
1280,634.62323,1280,2600,1280,1386.780029,1280,2650,
1281,634.62323,1281,2600,1281,1386.780029,1281,2600,
1282,635.172668,1282,2600,1282,1386.485107,1282,2600,
1283,635.172668,1283,2600,1283,1388.198853,1283,2600,
1284,633.844849,1284,2600,1284,1386.254272,1284,2650,
1285,635.064331,1285,2600,1285,1388.122314,1285,2536.585449,
1286,633.446106,1286,2600,1286,1387.440674,1286,2650,
1287,633.446106,1287,2600,1287,1388.748535,1287,2600,
1288,633.995544,1288,2600,1288,1387.938232,1288,2600,
1289,633.995544,1289,2600,1289,1388.120361,1289,2600,
1290,633.583435,1290,2600,1290,1387.232788,1290,2650,
1291,633.583435,1291,2600,1291,1387.309692,1291,2600,
1292,634.132874,1292,2600,1292,1387.446655,1292,2600,
1293,634.132874,1293,2600,1293,1388.552612,1293,2600,
1294,634.636536,1294,2600,1294,1386.500977,1294,2650,
1295,634.636536,1295,2700,1295,1386.472168,1295,2600,
1296,638.825256,1296,2700,1296,1385.869751,1296,2650,
1297,640.677124,1297,2700,1297,1387.574829,1297,2600,
1298,643.102173,1298,2700,1298,1387.479492,1298,2650,
1299,645.225037,1299,2700,1299,1388.908447,1299,2585.365723,
1300,646.444519,1300,2700,1300,1388.099121,1300,2700,
1301,647.370422,1301,2700,1301,1389.476196,1301,2650,
1302,648.869568,1302,2700,1302,1389.476196,1302,2700,
1303,648.869568,1303,2700,1303,1388.910034,1303,2700,
1304,650.368713,1304,2700,1304,1388.503418,1304,2700,
1305,650.368713,1305,2700,1305,1389.267578,1305,2700,
1306,650.986023,1306,2700,1306,1387.590942,1306,2700,
1307,650.986023,1307,2700,1307,1388.463745,1307,2700,
1308,651.603333,1308,2700,1308,1388.37793,1308,2700,
1309,652.529236,1309,2700,1309,1389.35498,1309,2650,
1310,653.146545,1310,2700,1310,1389.373169,1310,2700,
1311,653.146545,1311,2700,1311,1390.461304,1311,2700,
1312,652.837952,1312,2700,1312,1389.496216,1312,2750,
1313,653.763855,1313,2700,1313,1390.591675,1313,2650,
1314,654.381165,1314,2700,1314,1390.726318,1314,2700,
1315,655.307068,1315,2700,1315,1392.959473,1315,2650,
1316,655.042542,1316,2700,1316,1393.109375,1316,2700,
1317,655.042542,1317,2700,1317,1393.832764,1317,2700,
1318,654.733948,1318,2700,1318,1392.288818,1318,2750,
1319,654.733948,1319,2700,1319,1392.517456,1319,2700,
1320,655.351257,1320,2700,1320,1391.227661,1320,2700,
1321,655.351257,1321,2700,1321,1392.175903,1321,2700,
1322,655.086731,1322,2700,1322,1391.980957,1322,2700,
1323,655.086731,1323,2700,1323,1391.980957,1323,2700,
1324,654.778137,1324,2700,1324,1391.61145,1324,2750,
1325,654.778137,1325,2700,1325,1392.080933,1325,2700,
1326,654.513611,1326,2700,1326,1392.522217,1326,2700,
1327,654.513611,1327,2700,1327,1392.897827,1327,2700,
1328,654.205017,1328,2700,1328,1392.242798,1328,2750,
1329,654.205017,1329,2700,1329,1392.519653,1329,2700,
1330,653.896423,1330,2700,1330,1390.643433,1330,2750,
1331,654.822327,1331,2700,1331,1391.849976,1331,2650,
1332,654.5578,1332,2700,1332,1392.000244,1332,2700,
1333,655.777283,1333,2700,1333,1394.671387,1333,2634.146484,
1334,655.167542,1334,2700,1334,1392.795044,1334,2750,
1335,655.483704,1335,2700,1335,1393.26062,1335,2682.927002,
1336,655.799866,1336,2800,1336,1392.28418,1336,2700,
1337,657.585571,1337,2800,1337,1392.555054,1337,2700,
1338,660.859436,1338,2800,1338,1392.166382,1338,2750,
1339,662.950012,1339,2800,1339,1394.391724,1339,2682.927002,
1340,665.062439,1340,2800,1340,1394.477173,1340,2750,
1341,665.955322,1341,2800,1341,1394.590454,1341,2750,
1342,667.485962,1342,2800,1342,1393.875122,1342,2800,
1343,668.378845,1343,2800,1343,1394.270874,1343,2750,
1344,669.952026,1344,2800,1344,1394.270874,1344,2750,
1345,669.952026,1345,2800,1345,1394.870361,1345,2800,
1346,670.632324,1346,2800,1346,1394.541626,1346,2800,
1347,670.632324,1347,2800,1347,1394.240967,1347,2800,
1348,671.312622,1348,2800,1348,1394.01062,1348,2800,
1349,672.205505,1349,2800,1349,1395.89978,1349,2750,
1350,672.885803,1350,2800,1350,1395.865112,1350,2800,
1351,672.885803,1351,2800,1351,1396.860718,1351,2800,
1352,673.566101,1352,2800,1352,1395.80249,1352,2800,
1353,673.566101,1353,2800,1353,1395.800781,1353,2800,
1354,674.203857,1354,2800,1354,1393.401123,1354,2850,
1355,675.42334,1355,2800,1355,1395.900391,1355,2731.707275,
1356,675.77179,1356,2800,1356,1395.680054,1356,2800,
1357,675.77179,1357,2800,1357,1395.774292,1357,2800,
1358,675.559204,1358,2800,1358,1394.682861,1358,2850,
1359,675.559204,1359,2800,1359,1395.224365,1359,2800,
1360,675.346619,1360,2800,1360,1393.18811,1360,2850,
1361,675.346619,1361,2800,1361,1393.266479,1361,2800,
1362,675.134033,1362,2800,1362,1392.256348,1362,2850,
1363,676.353516,1363,2800,1363,1394.550171,1363,2731.707275,
1364,675.830872,1364,2800,1364,1394.330566,1364,2800,
1365,674.937988,1365,2800,1365,1394.330566,1365,2850,
1366,674.725403,1366,2800,1366,1393.852295,1366,2850,
1367,675.944946,1367,2800,1367,1395.777588,1367,2731.707275,
1368,675.422302,1368,2800,1368,1396.273193,1368,2800,
1369,675.422302,1369,2800,1369,1396.698364,1369,2800,
1370,675.209717,1370,2800,1370,1395.039917,1370,2850,
1371,676.429199,1371,2800,1371,1396.783081,1371,2731.707275,
1372,675.884766,1372,2800,1372,1396.119507,1372,2850,
1373,675.884766,1373,2800,1373,1396.359497,1373,2800,
1374,676.565063,1374,2800,1374,1396.669678,1374,2800,
1375,676.565063,1375,2800,1375,1397.885376,1375,2800,
1376,677.245361,1376,2900,1376,1396.699463,1376,2800,
1377,678.969482,1377,2900,1377,1397.030396,1377,2800,
1378,681.391479,1378,2900,1378,1396.629883,1378,2850,
1379,683.115601,1379,2900,1379,1398.385132,1379,2800,
1380,685.537598,1380,2900,1380,1398.42981,1380,2850,
1381,686.75708,1381,2900,1381,1400.000854,1381,2829.268311,
1382,687.976563,1382,2900,1382,1399.352173,1382,2900,
1383,688.838623,1383,2900,1383,1400.750366,1383,2850,
1384,690.439575,1384,2900,1384,1399.836548,1384,2850,
1385,690.439575,1385,2900,1385,1399.385864,1385,2900,
1386,691.178467,1386,2900,1386,1399.385864,1386,2900,
1387,691.178467,1387,2900,1387,1400.095947,1387,2900,
1388,692.738403,1388,2900,1388,1398.489014,1388,2900,
1389,692.738403,1389,2900,1389,1398.311768,1389,2900,
1390,693.477295,1390,2900,1390,1398.208862,1390,2900,
1391,694.339355,1391,2900,1391,1400.1604,1391,2850,
1392,695.078247,1392,2900,1392,1398.737915,1392,2900,
1393,695.940308,1393,2900,1393,1400.78418,1393,2850,
1394,695.858215,1394,2900,1394,1400.872925,1394,2900,
1395,697.077698,1395,2900,1395,1402.403809,1395,2829.268311,
1396,697.456177,1396,2900,1396,1402.58313,1396,2900,
1397,697.456177,1397,2900,1397,1402.691895,1397,2900,
1398,697.374084,1398,2900,1398,1402.614014,1398,2900,
1399,697.374084,1399,2900,1399,1403.267456,1399,2900,
1400,696.429932,1400,2900,1400,1401.716187,1400,2950,
1401,697.649414,1401,2900,1401,1403.365356,1401,2829.268311,
1402,696.324768,1402,2900,1402,1402.009644,1402,2950,
1403,697.186829,1403,2900,1403,1403.913208,1403,2850,
1404,696.242676,1404,2900,1404,1402.743896,1404,2950,
1405,696.621155,1405,2900,1405,1402.82373,1405,2878.048828,
1406,696.137573,1406,2900,1406,1402.447998,1406,2950,
1407,696.137573,1407,2900,1407,1402.447998,1407,2900,
1408,696.014404,1408,2900,1408,1401.985596,1408,2950,
1409,696.876465,1409,2900,1409,1403.37854,1409,2850,
1410,696.753296,1410,2900,1410,1402.832642,1410,2950,
1411,696.753296,1411,2900,1411,1403.162354,1411,2900,
1412,697.492188,1412,2900,1412,1402.506592,1412,2900,
1413,697.492188,1413,2900,1413,1402.74939,1413,2900,
1414,699.09314,1414,2900,1414,1403.071167,1414,2850,
1415,699.09314,1415,2900,1415,1403.396729,1415,2900,
1416,698.190002,1416,3000,1416,1402.118774,1416,2900,
1417,699.856689,1417,3000,1417,1402.360352,1417,2900,
1418,702.277283,1418,3000,1418,1401.888184,1418,2950,
1419,703.110596,1419,3000,1419,1401.506714,1419,2950,
1420,705.531189,1420,3000,1420,1401.365601,1420,2950,
1421,707.197876,1421,3000,1421,1403.39856,1421,2900,
1422,707.991516,1422,3000,1422,1401.143555,1422,3000,
1423,709.658203,1423,3000,1423,1403.43457,1423,2900,
1424,710.451843,1424,3000,1424,1401.881104,1424,3000,
1425,710.451843,1425,3000,1425,1402.348877,1425,3000,
1426,712.039124,1426,3000,1426,1401.559448,1426,3000,
1427,712.039124,1427,3000,1427,1402.193115,1427,3000,
1428,712.832764,1428,3000,1428,1402.193115,1428,3000,
1429,713.666077,1429,3000,1429,1403.94519,1429,2950,
1430,715.29303,1430,3000,1430,1403.846558,1430,2950,
1431,715.29303,1431,3000,1431,1404.737671,1431,3000,
1432,716.046997,1432,3000,1432,1403.827881,1432,3050,
1433,716.88031,1433,3000,1433,1404.801392,1433,2950,
1434,717.67395,1434,3000,1434,1404.901367,1434,3000,
1435,717.67395,1435,3000,1435,1403.86084,1435,3000,
1436,717.67395,1436,3000,1436,1403.799805,1436,3000,
1437,717.67395,1437,3000,1437,1403.82959,1437,3000,
1438,717.67395,1438,3000,1438,1403.69165,1438,3000,
1439,717.67395,1439,3000,1439,1404.2677,1439,3000,
1440,716.840637,1440,3000,1440,1403.753418,1440,3050,
1441,717.67395,1441,3000,1441,1404.958618,1441,2950,
1442,716.840637,1442,3000,1442,1403.074463,1442,3050,
1443,716.840637,1443,3000,1443,1403.94104,1443,3000,
1444,716.800964,1444,3000,1444,1401.80542,1444,3050,
1445,716.800964,1445,3000,1445,1402.427124,1445,3000,
1446,717.594604,1446,3000,1446,1403.126587,1446,3000,
1447,717.594604,1447,3000,1447,1403.670654,1447,3000,
1448,718.388245,1448,3000,1448,1404.29248,1448,3000,
1449,719.221558,1449,3000,1449,1404.29248,1449,2950,
1450,719.221558,1450,3000,1450,1403.889648,1450,3000,
1451,719.221558,1451,3000,1451,1403.325195,1451,3000,
1452,719.181885,1452,3000,1452,1402.776978,1452,3050,
1453,719.181885,1453,3000,1453,1404.009033,1453,3000,
1454,719.181885,1454,3000,1454,1403.283081,1454,3000,
1455,718.348572,1455,3000,1455,1402.421387,1455,3050,
1456,718.308899,1456,3000,1456,1401.555542,1456,3050,
1457,718.715393,1457,3000,1457,1402.119507,1457,2975.609863,
1458,718.308899,1458,3100,1458,1402.181763,1458,3000,
1459,719.115356,1459,3100,1459,1401.393921,1459,3050,
1460,722.302795,1460,3100,1460,1400.914185,1460,3050,
1461,723.91571,1461,3100,1461,1402.533203,1461,3000,
1462,726.373474,1462,3100,1462,1402.432739,1462,3000,
1463,727.179932,1463,3100,1463,1403.432007,1463,3050,
1464,728.792847,1464,3100,1464,1402.744019,1464,3100,
1465,729.599304,1465,3100,1465,1403.980957,1465,3050,
1466,732.018677,1466,3100,1466,1404.525635,1466,3050,
1467,732.825134,1467,3100,1467,1405.070557,1467,3050,
1468,734.47644,1468,3100,1468,1405.774902,1468,3050,
1469,735.282898,1469,3100,1469,1406.479614,1469,3050,
1470,736.127747,1470,3100,1470,1406.479614,1470,3100,
1471,736.127747,1471,3100,1471,1406.258057,1471,3100,
1472,736.972595,1472,3100,1472,1406.117065,1472,3100,
1473,737.405334,1473,3100,1473,1407.445312,1473,3073.170654,
1474,737.838074,1474,3100,1474,1407.390869,1474,3100,
1475,737.031616,1475,3100,1475,1406.355835,1475,3150,
1476,737.876465,1476,3100,1476,1407.314697,1476,3100,
1477,737.070007,1477,3100,1477,1407.296753,1477,3150,
1478,737.108398,1478,3100,1478,1405.852783,1478,3150,
1479,737.108398,1479,3100,1479,1405.814209,1479,3100,
1480,737.14679,1480,3100,1480,1405.725708,1480,3150,
1481,737.953247,1481,3100,1481,1407.238159,1481,3050,
1482,738.030029,1482,3100,1482,1406.738281,1482,3100,
1483,738.836487,1483,3100,1483,1407.004395,1483,3050,
1484,738.913269,1484,3100,1484,1407.208618,1484,3100,
1485,739.719727,1485,3100,1485,1409.181519,1485,3050,
1486,739.796509,1486,3100,1486,1409.236084,1486,3100,
1487,740.602966,1487,3100,1487,1410.065674,1487,3050,
1488,740.679749,1488,3100,1488,1409.892822,1488,3100,
1489,739.873291,1489,3100,1489,1408.576538,1489,3150,
1490,739.911682,1490,3100,1490,1407.185913,1490,3150,
1491,739.911682,1491,3100,1491,1407.185913,1491,3100,
1492,739.143616,1492,3100,1492,1405.684326,1492,3200,
1493,739.143616,1493,3100,1493,1405.891357,1493,3100,
1494,739.182007,1494,3100,1494,1404.659912,1494,3150,
1495,739.182007,1495,3100,1495,1404.787964,1495,3100,
1496,738.452332,1496,3100,1496,1404.921875,1496,3150,
1497,738.885071,1497,3100,1497,1405.513916,1497,3073.170654,
1498,738.531006,1498,3100,1498,1406.556885,1498,3100,
1499,740.093506,1499,3200,1499,1407.745117,1499,3100,
1500,743.292908,1500,3200,1500,1408.334961,1500,3100,
1501,744.512451,1501,3200,1501,1409.537598,1501,3121.951172,
1502,747.275391,1502,3200,1502,1408.582031,1502,3150,
1503,748.056641,1503,3200,1503,1408.62146,1503,3150,
1504,750.474792,1504,3200,1504,1407.881958,1504,3150,
1505,752.456482,1505,3200,1505,1409.678589,1505,3073.170654,
1506,753.695068,1506,3200,1506,1409.15686,1506,3150,
1507,754.476318,1507,3200,1507,1409.632202,1507,3150,
1508,754.625122,1508,3200,1508,1408.21106,1508,3200,
1509,755.406372,1509,3200,1509,1408.689697,1509,3150,
1510,755.555176,1510,3200,1510,1409.26355,1510,3200,
1511,756.336426,1511,3200,1511,1410.809937,1511,3150,
1512,756.485229,1512,3200,1512,1410.809937,1512,3200,
1513,756.485229,1513,3200,1513,1412.422119,1513,3200,
1514,756.634033,1514,3200,1514,1412.258789,1514,3200,
1515,756.634033,1515,3200,1515,1412.997925,1515,3200,
1516,756.782837,1516,3200,1516,1412.844971,1516,3200,
1517,757.564087,1517,3200,1517,1414.644531,1517,3150,
1518,757.712891,1518,3200,1518,1414.110352,1518,3200,
1519,757.712891,1519,3200,1519,1414.105713,1519,3200,
1520,759.387024,1520,3200,1520,1415.015259,1520,3150,
1521,759.387024,1521,3200,1521,1414.712036,1521,3200,
1522,760.279907,1522,3200,1522,1414.779175,1522,3200,
1523,760.279907,1523,3200,1523,1415.095337,1523,3200,
1524,760.391541,1524,3200,1524,1414.462524,1524,3250,
1525,760.848877,1525,3200,1525,1415.059692,1525,3170.731689,
1526,760.544006,1526,3200,1526,1413.485229,1526,3200,
1527,760.544006,1527,3200,1527,1413.221436,1527,3200,
1528,759.91156,1528,3200,1528,1411.940186,1528,3250,
1529,759.91156,1529,3200,1529,1412.431641,1529,3200,
1530,759.316345,1530,3200,1530,1411.892578,1530,3200,
1531,759.316345,1531,3200,1531,1412.242187,1531,3200,
1532,758.683899,1532,3200,1532,1410.672852,1532,3250,
1533,758.683899,1533,3200,1533,1410.672852,1533,3200,
1534,758.832703,1534,3200,1534,1410.891235,1534,3200,
1535,758.832703,1535,3200,1535,1411.095581,1535,3200,
1536,759.725586,1536,3200,1536,1411.382935,1536,3200,
1537,760.506836,1537,3200,1537,1412.637695,1537,3150,
1538,760.65564,1538,3300,1538,1412.02002,1538,3200,
1539,762.170776,1539,3300,1539,1412.434448,1539,3200,
1540,765.345337,1540,3300,1540,1413.143921,1540,3200,
1541,766.564819,1541,3300,1541,1412.552856,1541,3219.512207,
1542,768.54187,1542,3300,1542,1412.508667,1542,3250,
1543,769.761353,1543,3300,1543,1413.037476,1543,3219.512207,
1544,770.980835,1544,3300,1544,1412.258423,1544,3300,
1545,771.738403,1545,3300,1545,1413.299927,1545,3250,
1546,772.676331,1546,3300,1546,1412.092285,1546,3300,
1547,773.433899,1547,3300,1547,1412.389648,1547,3250,
1548,773.65033,1548,3300,1548,1411.828003,1548,3300,
1549,774.407898,1549,3300,1549,1413.158691,1549,3250,
1550,774.624329,1550,3300,1550,1412.744141,1550,3300,
1551,774.624329,1551,3300,1551,1412.38501,1551,3300,
1552,775.562256,1552,3300,1552,1412.110962,1552,3300,
1553,776.319824,1553,3300,1553,1413.729858,1553,3250,
1554,777.257751,1554,3300,1554,1413.729858,1554,3300,
1555,778.01532,1555,3300,1555,1414.606934,1555,3250,
1556,778.953247,1556,3300,1556,1414.685181,1556,3300,
1557,778.953247,1557,3300,1557,1414.680298,1557,3300,
1558,779.891174,1558,3300,1558,1413.779297,1558,3300,
1559,779.891174,1559,3300,1559,1413.773193,1559,3300,
1560,780.071533,1560,3300,1560,1412.777954,1560,3350,
1561,780.551941,1561,3300,1561,1412.955322,1561,3268.292725,
1562,779.535706,1562,3300,1562,1411.854736,1562,3350,
1563,779.535706,1563,3300,1563,1411.978516,1563,3300,
1564,778.994568,1564,3300,1564,1410.533813,1564,3350,
1565,779.474976,1565,3300,1565,1411.862671,1565,3268.292725,
1566,778.45874,1566,3300,1566,1410.732788,1566,3350,
1567,778.45874,1567,3300,1567,1411.25708,1567,3300,
1568,779.396667,1568,3300,1568,1410.918945,1568,3300,
1569,778.639099,1569,3300,1569,1410.508423,1569,3350,
1570,779.577026,1570,3300,1570,1410.097412,1570,3300,
1571,779.577026,1571,3300,1571,1410.546265,1571,3300,
1572,780.514954,1572,3300,1572,1411.0802,1572,3300,
1573,780.514954,1573,3300,1573,1411.529175,1573,3300,
1574,780.695313,1574,3300,1574,1410.178833,1574,3350,
1575,781.452881,1575,3300,1575,1410.178833,1575,3250,
1576,780.911743,1576,3300,1576,1408.692139,1576,3350,
1577,780.911743,1577,3300,1577,1408.869629,1577,3300,
1578,780.370605,1578,3300,1578,1408.133423,1578,3350,
1579,780.851013,1579,3300,1579,1408.780396,1579,3268.292725,
1580,779.834778,1580,3300,1580,1407.911011,1580,3350,
1581,779.834778,1581,3400,1581,1408.75415,1581,3300,
1582,782.250732,1582,3400,1582,1407.481445,1582,3350,
1583,783.721313,1583,3400,1583,1408.724731,1583,3300,
1584,786.137268,1584,3400,1584,1408.452026,1584,3350,
1585,786.872559,1585,3400,1585,1409.157471,1585,3350,
1586,789.288513,1586,3400,1586,1408.613647,1586,3350,
1587,790.023804,1587,3400,1587,1409.649292,1587,3350,
1588,792.439758,1588,3400,1588,1410.038696,1588,3350,
1589,793.175049,1589,3400,1589,1410.408691,1589,3350,
1590,794.855713,1590,3400,1590,1411.001465,1590,3400,
1591,795.591003,1591,3400,1591,1411.571655,1591,3350,
1592,796.606384,1592,3400,1592,1412.232788,1592,3350,
1593,796.606384,1593,3400,1593,1411.947388,1593,3400,
1594,797.586792,1594,3400,1594,1411.748657,1594,3400,
1595,797.586792,1595,3400,1595,1412.398804,1595,3400,
1596,797.831909,1596,3400,1596,1412.398804,1596,3450,
1597,798.334045,1597,3400,1597,1413.682983,1597,3365.853516,
1598,797.383545,1598,3400,1598,1412.588745,1598,3450,
1599,796.648254,1599,3400,1599,1412.34375,1599,3450,
1600,796.193054,1600,3400,1600,1410.590942,1600,3450,
1601,796.193054,1601,3400,1601,1411.194824,1601,3400,
1602,797.173462,1602,3400,1602,1411.02124,1602,3400,
1603,796.438171,1603,3400,1603,1410.5896,1603,3450,
1604,797.418579,1604,3400,1604,1410.085327,1604,3400,
1605,796.683289,1605,3400,1605,1409.327148,1605,3450,
1606,797.663696,1606,3400,1606,1409.430908,1606,3400,
1607,797.663696,1607,3400,1607,1409.318237,1607,3400,
1608,797.943787,1608,3400,1608,1409.164551,1608,3400,
1609,797.943787,1609,3400,1609,1408.794556,1609,3400,
1610,797.488586,1610,3400,1610,1407.47644,1610,3450,
1611,797.990723,1611,3400,1611,1408.340942,1611,3365.853516,
1612,797.040222,1612,3400,1612,1406.767334,1612,3450,
1613,797.040222,1613,3400,1613,1405.944214,1613,3400,
1614,796.585022,1614,3400,1614,1405.10144,1614,3450,
1615,796.585022,1615,3400,1615,1405.012695,1615,3400,
1616,796.164856,1616,3400,1616,1404.886963,1616,3400,
1617,795.429565,1617,3400,1617,1404.886963,1617,3450,
1618,795.709656,1618,3400,1618,1404.067383,1618,3400,
1619,795.709656,1619,3400,1619,1404.76123,1619,3400,
1620,795.254456,1620,3400,1620,1404.639282,1620,3450,
1621,795.989746,1621,3400,1621,1406.322754,1621,3350,
1622,796.269836,1622,3500,1622,1406.329346,1622,3400,
1623,798.41272,1623,3500,1623,1407.30249,1623,3350,
1624,800.861694,1624,3500,1624,1408.534546,1624,3400,
1625,802.290283,1625,3500,1625,1408.965454,1625,3400,
1626,805.419556,1626,3500,1626,1410.579468,1626,3400,
1627,806.13385,1627,3500,1627,1410.477783,1627,3450,
1628,807.834534,1628,3500,1628,1409.692139,1628,3500,
1629,807.834534,1629,3500,1629,1408.881836,1629,3500,
1630,808.174683,1630,3500,1630,1408.100708,1630,3500,
1631,808.174683,1631,3500,1631,1408.201782,1631,3500,
1632,808.480774,1632,3500,1632,1406.042114,1632,3550,
1633,809.195068,1633,3500,1633,1407.104614,1633,3450,
1634,809.50116,1634,3500,1634,1405.703247,1634,3550,
1635,810.215454,1635,3500,1635,1406.894531,1635,3450,
1636,810.521545,1636,3500,1636,1405.620605,1636,3550,
1637,811.23584,1637,3500,1637,1406.097534,1637,3450,
1638,812.256226,1638,3500,1638,1406.097534,1638,3500,
1639,812.97052,1639,3500,1639,1406.766357,1639,3450,
1640,813.310669,1640,3500,1640,1406.626709,1640,3500,
1641,814.024963,1641,3500,1641,1408.267456,1641,3450,
1642,814.373413,1642,3500,1642,1407.946289,1642,3463.414551,
1643,815.087708,1643,3500,1643,1408.750732,1643,3450,
1644,814.747559,1644,3500,1644,1407.632568,1644,3500,
1645,814.033264,1645,3500,1645,1406.279907,1645,3550,
1646,814.381714,1646,3500,1646,1406.262695,1646,3463.414551,
1647,814.381714,1647,3500,1647,1405.356689,1647,3500,
1648,814.041565,1648,3500,1648,1405.208862,1648,3500,
1649,814.041565,1649,3500,1649,1405.744995,1649,3500,
1650,813.667419,1650,3500,1650,1405.429687,1650,3550,
1651,813.667419,1651,3500,1651,1405.904175,1651,3500,
1652,814.687805,1652,3500,1652,1406.466797,1652,3500,
1653,814.687805,1653,3500,1653,1407.817017,1653,3500,
1654,815.027954,1654,3500,1654,1407.486816,1654,3500,
1655,815.027954,1655,3500,1655,1408.779175,1655,3500,
1656,815.334045,1656,3500,1656,1407.565308,1656,3550,
1657,815.334045,1657,3500,1657,1408.796875,1657,3500,
1658,815.640137,1658,3500,1658,1407.52002,1658,3550,
1659,815.640137,1659,3500,1659,1407.52002,1659,3500,
1660,815.265991,1660,3500,1660,1406.059814,1660,3550,
1661,815.980286,1661,3500,1661,1407.13147,1661,3450,
1662,814.925842,1662,3500,1662,1405.549805,1662,3550,
1663,814.925842,1663,3500,1663,1404.985352,1663,3500,
1664,814.551697,1664,3500,1664,1403.278687,1664,3550,
1665,815.771179,1665,3500,1665,1404.814941,1665,3414.634277,
1666,814.88269,1666,3500,1666,1404.887573,1666,3550,
1667,814.88269,1667,3600,1667,1404.318726,1667,3500,
1668,817.99115,1668,3600,1668,1404.630371,1668,3500,
1669,819.380066,1669,3600,1669,1405.091675,1669,3500,
1670,822.488525,1670,3600,1670,1405.821289,1670,3500,
1671,823.182983,1671,3600,1671,1406.633667,1671,3550,
1672,825.596985,1672,3600,1672,1406.833008,1672,3550,
1673,826.291443,1673,3600,1673,1407.00354,1673,3550,
1674,828.044128,1674,3600,1674,1407.32373,1674,3550,
1675,828.738586,1675,3600,1675,1407.673828,1675,3550,
1676,829.822632,1676,3600,1676,1408.746216,1676,3512.195068,
1677,829.822632,1677,3600,1677,1409.167114,1677,3600,
1678,830.219482,1678,3600,1678,1408.800781,1678,3600,
1679,830.91394,1679,3600,1679,1410.104858,1679,3550,
1680,831.310791,1680,3600,1680,1410.104858,1680,3600,
1681,832.005249,1681,3600,1681,1411.533936,1681,3550,
1682,832.4021,1682,3600,1682,1410.454712,1682,3600,
1683,832.4021,1683,3600,1683,1411.128174,1683,3600,
1684,833.486084,1684,3600,1684,1412.524902,1684,3512.195068,
1685,834.875,1685,3600,1685,1415.100708,1685,3500,
1686,835.281494,1686,3600,1686,1415.131226,1686,3512.195068,
1687,835.281494,1687,3600,1687,1416.05127,1687,3600,
1688,835.678345,1688,3600,1688,1416.18457,1688,3600,
1689,835.678345,1689,3600,1689,1416.049316,1689,3600,
1690,835.380737,1690,3600,1690,1414.965942,1690,3650,
1691,835.380737,1691,3600,1691,1414.416992,1691,3600,
1692,835.744507,1692,3600,1692,1413.86438,1692,3650,
1693,835.744507,1693,3600,1693,1413.908691,1693,3600,
1694,835.446899,1694,3600,1694,1413.065796,1694,3650,
1695,835.446899,1695,3600,1695,1412.876099,1695,3600,
1696,835.84375,1696,3600,1696,1412.660767,1696,3600,
1697,835.84375,1697,3600,1697,1411.7229,1697,3600,
1698,836.240601,1698,3600,1698,1412.264526,1698,3600,
1699,836.935059,1699,3600,1699,1413.654297,1699,3550,
1700,837.331909,1700,3600,1700,1413.378662,1700,3600,
1701,837.331909,1701,3600,1701,1413.378662,1701,3600,
1702,837.034302,1702,3600,1702,1412.180298,1702,3650,
1703,837.034302,1703,3600,1703,1412.571167,1703,3600,
1704,837.431152,1704,3600,1704,1412.995728,1704,3600,
1705,837.431152,1705,3600,1705,1411.876221,1705,3600,
1706,890,1706,4000,1706,1412.357788,1706,3750,
1707,896.25,1707,4000,1707,1412.71582,1707,3800,
1708,899.375,1708,4000,1708,1415.589478,1708,3750,
1709,903.75,1709,4000,1709,1417.974609,1709,3800,
1710,906.25,1710,4000,1710,1420.561401,1710,3800,
1711,910.625,1711,4000,1711,1423.529053,1711,3850,
1712,911.875,1712,4000,1712,1425.009399,1712,3900,
1713,915,1713,4000,1713,1427.509033,1713,3900,
1714,916.25,1714,4000,1714,1429.304077,1714,3900,
1715,918.75,1715,4000,1715,1432.124634,1715,3900,
1716,920.625,1716,4000,1716,1435.081665,1716,3850,
1717,922.454285,1717,4000,1717,1438.092529,1717,3853.658447,
1718,923.704285,1718,4000,1718,1440.467773,1718,3900,
1719,925.519775,1719,4000,1719,1442.17395,1719,3950,
1720,926.769775,1720,4000,1720,1443.875732,1720,3900,
1721,927.98999,1721,4000,1721,1445.682739,1721,3950,
1722,929.23999,1722,4000,1722,1445.682739,1722,3900,
1723,930.459534,1723,4000,1723,1450.036011,1723,3853.658447,
1724,931.084534,1724,4000,1724,1452.109863,1724,3950,
1725,931.679749,1725,4000,1725,1453.429077,1725,4000,
1726,932.304749,1726,4000,1726,1455.564575,1726,3950,
1727,932.899963,1727,4000,1727,1455.050659,1727,4000,
1728,933.524963,1728,4000,1728,1455.649414,1728,3950,
1729,933.524963,1729,4000,1729,1454.419067,1729,4000,
1730,934.149963,1730,4000,1730,1454.461426,1730,3950,
1731,934.759705,1731,4000,1731,1455.097534,1731,3902.439209,
1732,934.759705,1732,4000,1732,1454.663208,1732,4000,
1733,935.369446,1733,4000,1733,1456.479004,1733,3902.439209,
1734,935.369446,1734,4000,1734,1456.529297,1734,4000,
1735,935.964661,1735,4000,1735,1456.526855,1735,4000,
1736,935.964661,1736,4000,1736,1456.327148,1736,4000,
1737,936.559875,1737,4000,1737,1455.233887,1737,4000,
1738,936.559875,1738,4000,1738,1454.053223,1738,4000,
1739,937.169617,1739,4000,1739,1455.077393,1739,3902.439209,
1740,937.794617,1740,4000,1740,1456.036011,1740,3950,
1741,937.794617,1741,4000,1741,1455.344604,1741,4000,
1742,937.169617,1742,4000,1742,1454.533569,1742,4050.000244,
1743,937.139832,1743,4000,1743,1454.533569,1743,4050.000244,
1744,937.139832,1744,4000,1744,1452.759521,1744,4000,
1745,937.110046,1745,4000,1745,1451.702393,1745,4050.000244,
1746,937.110046,1746,4000,1746,1452.121948,1746,4000,
1747,937.080261,1747,4000,1747,1450.967163,1747,4050.000244,
1748,937.080261,1748,4000,1748,1451.290283,1748,4000,
1749,938.895752,1749,4000,1749,1451.709717,1749,3950,
1750,938.270752,1750,4000,1750,1451.319702,1750,4050.000244,
1751,938.270752,1751,4000,1751,1450.868652,1751,4000,
1752,938.270752,1752,4000,1752,1449.622192,1752,4000,
1753,938.865967,1753,4000,1753,1449.939331,1753,4000,
1754,938.240967,1754,4000,1754,1447.885742,1754,4050.000244,
1755,938.240967,1755,4000,1755,1448.107666,1755,4000,
1756,938.240967,1756,4000,1756,1448.283569,1756,4000,
1757,937.615967,1757,4000,1757,1447.654907,1757,4050.000244,
1758,937.615967,1758,4000,1758,1447.73645,1758,4000,
1759,938.225708,1759,4000,1759,1449.388794,1759,3902.439209,
1760,938.225708,1760,4000,1760,1447.948608,1760,4000,
1761,938.225708,1761,4000,1761,1448.73291,1761,3902.439209,
1762,938.225708,1762,4000,1762,1448.766113,1762,4000,
1763,938.195923,1763,4000,1763,1448.844727,1763,4050.000244,
1764,938.195923,1764,4000,1764,1448.844727,1764,4000,
1765,938.805664,1765,4000,1765,1449.727661,1765,3951.219482,
1766,938.805664,1766,4000,1766,1450.614502,1766,4000,
1767,938.805664,1767,4000,1767,1450.745605,1767,4000,
1768,938.180664,1768,4000,1768,1450.82959,1768,4050.000244,
1769,938.150879,1769,4000,1769,1450.155762,1769,4050.000244,
1770,938.150879,1770,4000,1770,1449.324707,1770,4000,
1771,937.525879,1771,4000,1771,1449.2677,1771,4050.000244,
1772,937.525879,1772,4000,1772,1449.210205,1772,4000,
1773,937.496094,1773,4000,1773,1448.394165,1773,4050.000244,
1774,937.496094,1774,4000,1774,1448.288452,1774,4000,
1775,938.091309,1775,4000,1775,1449.033447,1775,4000,
1776,938.716309,1776,4000,1776,1449.843506,1776,3950,
1777,938.716309,1777,4000,1777,1451.404419,1777,3902.439209,
1778,938.716309,1778,4000,1778,1452.245728,1778,4000,
1779,938.716309,1779,4000,1779,1452.330688,1779,4000,
1780,938.716309,1780,4000,1780,1450.845093,1780,4000,
1781,938.091309,1781,4000,1781,1450.078125,1781,4050.000244,
1782,938.091309,1782,4000,1782,1448.544312,1782,4000,
1783,937.466309,1783,4000,1783,1447.729492,1783,4050.000244,
1784,937.466309,1784,4000,1784,1448.42981,1784,4000,
1785,938.07605,1785,4000,1785,1448.42981,1785,3902.439209,
1786,938.70105,1786,4000,1786,1448.440796,1786,3950,
1787,938.70105,1787,4000,1787,1448.432739,1787,4000,
1788,939.32605,1788,4000,1788,1449.246582,1788,3950,
1789,939.935791,1789,4000,1789,1451.665039,1789,3902.439209,
1790,941.185791,1790,4000,1790,1454.223511,1790,3900,
1791,941.185791,1791,4000,1791,1454.458008,1791,4000,
1792,941.185791,1792,4000,1792,1455.49707,1792,4000,
1793,942.405273,1793,4000,1793,1457.404297,1793,3902.439209,
1794,942.405273,1794,4000,1794,1458.539673,1794,4000,
1795,941.780273,1795,4000,1795,1458.111206,1795,4050.000244,
1796,942.405273,1796,4000,1796,1459.220947,1796,3950,
1797,941.780273,1797,4000,1797,1457.924805,1797,4050.000244,
1798,942.405273,1798,4000,1798,1457.461914,1798,3950,
1799,943.000488,1799,4000,1799,1457.792969,1799,4000,
1800,943.000488,1800,4000,1800,1458.124023,1800,4000,
1801,943.000488,1801,4000,1801,1458.455078,1801,4000,
1802,943.000488,1802,4000,1802,1459.591187,1802,4000,
1803,944.220703,1803,4000,1803,1460.842651,1803,3950,
1804,944.220703,1804,4000,1804,1462.120605,1804,4000,
1805,944.830505,1805,4000,1805,1465.015259,1805,3853.658447,
1806,944.830505,1806,4000,1806,1465.015259,1806,4000,
1807,944.830444,1807,4000,1807,1466.249878,1807,3902.439209,
1808,944.830444,1808,4000,1808,1466.723389,1808,4000,
1809,944.830444,1809,4000,1809,1467.90918,1809,3902.439209,
1810,944.830444,1810,4000,1810,1466.76123,1810,4000,
1811,944.220703,1811,4000,1811,1466.187134,1811,3951.219482,
1812,944.220703,1812,4000,1812,1466.421631,1812,4000,
1813,944.220703,1813,4000,1813,1466.656128,1813,4000,
1814,944.220703,1814,4000,1814,1465.266235,1814,4000,
1815,944.815918,1815,4000,1815,1465.452393,1815,4000,
1816,944.815918,1816,4000,1816,1466.446533,1816,4000,
1817,944.815918,1817,4000,1817,1465.856567,1817,4000,
1818,944.815918,1818,4000,1818,1466.850708,1818,4000,
1819,945.411133,1819,4000,1819,1466.306641,1819,4000,
1820,946.036133,1820,4000,1820,1467.320557,1820,3950,
1821,945.426392,1821,4000,1821,1468.2677,1821,3951.219482,
1822,945.426392,1822,4000,1822,1468.455078,1822,4000,
1823,944.801392,1823,4000,1823,1467.832153,1823,4050.000244,
1824,944.801392,1824,4000,1824,1467.099243,1824,4000,
1825,944.801392,1825,4000,1825,1467.144165,1825,4000,
1826,944.176392,1826,4000,1826,1464.006348,1826,4050.000244,
1827,944.176392,1827,4000,1827,1464.006348,1827,4000,
1828,944.176392,1828,4000,1828,1462.421631,1828,4000,
1829,944.786133,1829,4000,1829,1463.952271,1829,3902.439209,
1830,944.786133,1830,4000,1830,1462.414795,1830,4000,
1831,946.006348,1831,4000,1831,1463.28479,1831,3950,
1832,946.006348,1832,4000,1832,1462.664307,1832,4000,
1833,945.381348,1833,4000,1833,1461.991455,1833,4050.000244,
1834,945.381348,1834,4000,1834,1462.081055,1834,4000,
1835,945.351563,1835,4000,1835,1461.406128,1835,4050.000244,
1836,945.351563,1836,4000,1836,1461.447388,1836,4000,
1837,944.726563,1837,4000,1837,1460.678589,1837,4050.000244,
1838,944.726563,1838,4000,1838,1460.671631,1838,4000,
1839,944.726563,1839,4000,1839,1461.423584,1839,3951.219482,
1840,944.726563,1840,4000,1840,1461.37085,1840,4000,
1841,945.336365,1841,4000,1841,1462.86438,1841,3853.658447,
1842,945.336365,1842,4000,1842,1462.097778,1842,4000,
1843,945.336304,1843,4000,1843,1463.625854,1843,3902.439209,
1844,945.336304,1844,4000,1844,1464.429199,1844,4000,
1845,945.306519,1845,4000,1845,1463.705933,1845,4050.000244,
1846,945.306519,1846,4000,1846,1463.744873,1846,4000,
1847,945.872009,1847,4000,1847,1463.874634,1847,4050.000244,
1848,945.872009,1848,4000,1848,1463.874634,1848,4000,
1849,946.48175,1849,4000,1849,1465.5896,1849,3902.439209,
1850,945.85675,1850,4000,1850,1463.375488,1850,4050.000244,
1851,945.23175,1851,4000,1851,1462.647461,1851,4050.000244,
1852,945.23175,1852,4000,1852,1461.80835,1852,4000,
1853,945.23175,1853,4000,1853,1461.748535,1853,4000,
1854,945.23175,1854,4000,1854,1462.49939,1854,4000,
1855,945.201965,1855,4000,1855,1461.723267,1855,4050.000244,
1856,945.826965,1856,4000,1856,1463.301514,1856,3950,
1857,945.79718,1857,4000,1857,1462.57312,1857,4050.000244,
1858,946.42218,1858,4000,1858,1464.24585,1858,3950,
1859,947.017395,1859,4000,1859,1464.422852,1859,4000,
1860,947.017395,1860,4000,1860,1463.84082,1860,4000,
1861,948.236877,1861,4000,1861,1465.651733,1861,3902.439209,
1862,948.236877,1862,4000,1862,1463.54895,1862,4000,
1863,947.611877,1863,4000,1863,1462.960449,1863,4050.000244,
1864,948.236877,1864,4000,1864,1462.430664,1864,3950,
1865,948.236877,1865,4000,1865,1462.654785,1865,4000,
1866,948.236877,1866,4000,1866,1463.643677,1866,4000,
1867,948.846619,1867,4000,1867,1465.457886,1867,3902.439209,
1868,949.471619,1868,4000,1868,1467.281128,1868,3950,
1869,949.471558,1869,4000,1869,1467.281128,1869,3902.439209,
1870,950.096558,1870,4000,1870,1466.806152,1870,3950,
1871,950.706299,1871,4000,1871,1469.487427,1871,3902.439209,
1872,950.706299,1872,4000,1872,1470.672852,1872,4000,
1873,951.926514,1873,4000,1873,1471.974243,1873,3950,
1874,952.551514,1874,4000,1874,1473.324707,1874,3950,
1875,953.161255,1875,4000,1875,1475.485107,1875,3902.439209,
1876,953.786255,1876,4000,1876,1477.696289,1876,3950,
1877,954.395996,1877,4000,1877,1479.12915,1877,3902.439209,
1878,954.395996,1878,4000,1878,1480.556396,1878,4000,
1879,955.005737,1879,4000,1879,1481.990723,1879,3902.439209,
1880,955.005737,1880,4000,1880,1482.60791,1880,4000,
1881,955.615479,1881,4000,1881,1484.824219,1881,3902.439209,
1882,955.615479,1882,4000,1882,1483.854614,1882,4000,
1883,955.615479,1883,4000,1883,1485.976318,1883,3902.439209,
1884,955.615479,1884,4000,1884,1487.359009,1884,4000,
1885,955.615479,1885,4000,1885,1487.148071,1885,4000,
1886,956.240479,1886,4000,1886,1488.554199,1886,3950,
1887,958.069763,1887,4000,1887,1491.672241,1887,3853.658447,
1888,958.069763,1888,4000,1888,1490.84436,1888,4000,
1889,958.039978,1889,4000,1889,1489.95166,1889,4050.000244,
1890,958.039978,1890,4000,1890,1489.95166,1890,4000,
1891,958.010193,1891,4000,1891,1489.00769,1891,4050.000244,
1892,958.010193,1892,4000,1892,1488.028564,1892,4000,
1893,957.385193,1893,4000,1893,1487.772339,1893,4050.000244,
1894,957.385193,1894,4000,1894,1487.410156,1894,4000,
1895,957.355408,1895,4000,1895,1486.224487,1895,4050.000244,
1896,957.980408,1896,4000,1896,1485.838257,1896,3950,
1897,958.575623,1897,4000,1897,1485.422729,1897,4000,
1898,958.575623,1898,4000,1898,1484.195923,1898,4000,
1899,958.575623,1899,4000,1899,1484.519043,1899,4000,
1900,958.575623,1900,4000,1900,1483.244141,1900,4000,
1901,959.766113,1901,4000,1901,1483.611938,1901,4000,
1902,959.766113,1902,4000,1902,1482.381104,1902,4000,
1903,960.985596,1903,4000,1903,1484.356567,1903,3902.439209,
1904,960.985596,1904,4000,1904,1483.219727,1904,4000,
1905,960.390381,1905,4000,1905,1483.588989,1905,4000,
1906,959.765381,1906,4000,1906,1483.135498,1906,4050.000244,
1907,959.110596,1907,4000,1907,1481.03833,1907,4100,
1908,959.110596,1908,4000,1908,1478.760498,1908,4000,
1909,959.110596,1909,4000,1909,1480.398315,1909,3902.439209,
1910,958.485596,1910,4000,1910,1480.432251,1910,4050.000244,
1911,957.860596,1911,4000,1911,1480.432251,1911,4050.000244,
1912,957.860596,1912,4000,1912,1481.193359,1912,4000,
1913,958.455811,1913,4000,1913,1481.227905,1913,4000,
1914,958.455811,1914,4000,1914,1482.082764,1914,4000,
1915,958.455811,1915,4000,1915,1482.165405,1915,4000,
1916,958.455811,1916,4000,1916,1483.022583,1916,4000,
1917,958.455811,1917,4000,1917,1482.270264,1917,4000,
1918,957.830811,1918,4000,1918,1481.440186,1918,4050.000244,
1919,957.205811,1919,4000,1919,1480.562256,1919,4050.000244,
1920,956.580811,1920,4000,1920,1479.636597,1920,4050.000244,
1921,955.360596,1921,4000,1921,1478.617676,1921,4050.000244,
1922,955.360596,1922,4000,1922,1478.277222,1922,4000,
1923,954.735596,1923,4000,1923,1477.11853,1923,4050.000244,
1924,954.735596,1924,4000,1924,1475.075073,1924,4000,
1925,954.705811,1925,4000,1925,1473.819946,1925,4050.000244,
1926,954.705811,1926,4000,1926,1473.380737,1926,4000,
1927,955.926025,1927,4000,1927,1474.645508,1927,3950,
1928,955.926025,1928,4000,1928,1475.930542,1928,4000,
1929,956.535767,1929,4000,1929,1477.28479,1929,3902.439209,
1930,956.535767,1930,4000,1930,1475.528442,1930,4000,
1931,955.315552,1931,4000,1931,1475.286011,1931,4050.000244,
1932,955.315552,1932,4000,1932,1475.286011,1932,4000,
1933,955.315552,1933,4000,1933,1475.089478,1933,4000,
1934,954.690552,1934,4000,1934,1474.028442,1934,4050.000244,
1935,953.470337,1935,4000,1935,1472.874268,1935,4050.000244,
1936,953.470337,1936,4000,1936,1472.489014,1936,4000,
1937,952.845337,1937,4000,1937,1471.286987,1937,4050.000244,
1938,952.845337,1938,4000,1938,1470.853394,1938,4000,
1939,952.845337,1939,4000,1939,1472.006226,1939,3951.219482,
1940,953.470337,1940,4000,1940,1473.275024,1940,3950,
1941,953.470337,1941,4000,1941,1473.806152,1941,4000,
1942,953.470337,1942,4000,1942,1474.430664,1942,4000,
1943,954.080078,1943,4000,1943,1475.098267,1943,3951.219482,
1944,954.705078,1944,4000,1944,1476.652222,1944,3950,
1945,954.080078,1945,4000,1945,1475.832153,1945,4050.000244,
1946,954.080078,1946,4000,1946,1476.553711,1946,4000,
1947,954.689819,1947,4000,1947,1478.102539,1947,3902.439209,
1948,954.064819,1948,4000,1948,1476.401855,1948,4050.000244,
1949,953.439819,1949,4000,1949,1475.440796,1949,4050.000244,
1950,953.439819,1950,4000,1950,1473.648315,1950,4000,
1951,953.410034,1951,4000,1951,1472.637939,1951,4050.000244,
1952,953.410034,1952,4000,1952,1473.261108,1952,4000,
1953,954.629578,1953,4000,1953,1473.261108,1953,3853.658447,
1954,954.629578,1954,4000,1954,1473.20813,1954,4000,
1955,955.224792,1955,4000,1955,1474.019409,1955,4000,
1956,955.224792,1956,4000,1956,1474.92395,1956,4000,
1957,955.834534,1957,4000,1957,1475.874512,1957,3951.219482,
1958,955.834534,1958,4000,1958,1476.874268,1958,4000,
1959,955.834534,1959,4000,1959,1477.105103,1959,4000,
1960,955.209534,1960,4000,1960,1475.751953,1960,4050.000244,
1961,954.584534,1961,4000,1961,1474.282593,1961,4050.000244,
1962,955.209534,1962,4000,1962,1475.203857,1962,3950,
1963,954.614319,1963,4000,1963,1475.29248,1963,4000,
1964,955.239319,1964,4000,1964,1475.402222,1964,3950,
1965,955.239258,1965,4000,1965,1476.20813,1965,3902.439209,
1966,955.864258,1966,4000,1966,1477.902832,1966,3950,
1967,955.864258,1967,4000,1967,1478.040771,1967,4000,
1968,956.489258,1968,4000,1968,1477.417603,1968,3950,
1969,957.709473,1969,4000,1969,1479.25769,1969,3950,
1970,958.334473,1970,4000,1970,1481.194214,1970,3950,
1971,958.334473,1971,4000,1971,1483.12854,1971,3902.439209,
1972,958.959473,1972,4000,1972,1485.116211,1972,3950,
1973,958.959473,1973,4000,1973,1486.31543,1973,3951.219482,
1974,958.959473,1974,4000,1974,1486.31543,1974,4000,
1975,958.334473,1975,4000,1975,1485.828857,1975,4050.000244,
1976,957.709473,1976,4000,1976,1485.248291,1976,4050.000244,
1977,957.084473,1977,4000,1977,1484.620117,1977,4050.000244,
1978,957.084473,1978,4000,1978,1483.94873,1978,4000,
1979,957.054688,1979,4000,1979,1483.27124,1979,4050.000244,
1980,957.054688,1980,4000,1980,1483.365356,1980,4000,
1981,957.620178,1981,4000,1981,1483.549683,1981,4050.000244,
1982,957.620178,1982,4000,1982,1484.554321,1982,4000,
1983,958.215393,1983,4000,1983,1483.999756,1983,4000,
1984,958.840393,1984,4000,1984,1485.115967,1984,3950,
1985,960.059937,1985,4000,1985,1487.064819,1985,3853.658447,
1986,960.059937,1986,4000,1986,1485.88623,1986,4000,
1987,960.059937,1987,4000,1987,1486.981934,1987,3902.439209,
1988,959.434937,1988,4000,1988,1486.484009,1988,4050.000244,
1989,958.809937,1989,4000,1989,1485.102173,1989,4050.000244,
1990,958.809937,1990,4000,1990,1484.398193,1990,4000,
1991,958.809937,1991,4000,1991,1483.645508,1991,4000,
1992,958.809937,1992,4000,1992,1482.126221,1992,4000,
1993,958.184937,1993,4000,1993,1480.503662,1993,4050.000244,
1994,958.809937,1994,4000,1994,1480.511475,1994,3950,
1995,958.809937,1995,4000,1995,1480.511475,1995,3902.439209,
1996,959.434937,1996,4000,1996,1482.15979,1996,3950,
1997,959.434937,1997,4000,1997,1483.065552,1997,4000,
1998,959.434937,1998,4000,1998,1484.019043,1998,4000,
1999,959.405151,1999,4000,1999,1483.424561,1999,4050.000244,
2000,959.405151,2000,4000,2000,1484.378052,2000,4000,
2001,959.375366,2001,4000,2001,1483.783691,2001,4050.000244,
2002,958.750366,2002,4000,2002,1483.870117,2002,4050.000244,
2003,958.125366,2003,4000,2003,1483.136475,2003,4050.000244,
2004,957.500366,2004,4000,2004,1482.308838,2004,4050.000244,
2005,956.875366,2005,4000,2005,1480.595459,2005,4050.000244,
2006,956.875366,2006,4000,2006,1477.986206,2006,4000,
2007,957.485107,2007,4000,2007,1479.342041,2007,3902.439209,
2008,957.485107,2008,4000,2008,1477.584106,2008,4000,
2009,956.264893,2009,4000,2009,1477.341675,2009,4050.000244,
2010,956.264893,2010,4000,2010,1477.918335,2010,4000,
2011,957.455383,2011,4000,2011,1477.813721,2011,4000,
2012,957.455383,2012,4000,2012,1477.709106,2012,4000,
2013,957.455383,2013,4000,2013,1477.604492,2013,4000,
2014,957.455383,2014,4000,2014,1478.320801,2014,4000,
2015,957.425598,2015,4000,2015,1476.651855,2015,4050.000244,
2016,957.425598,2016,4000,2016,1476.651855,2016,4000,
2017,957.425598,2017,4000,2017,1476.475708,2017,3951.219482,
2018,957.425598,2018,4000,2018,1476.320435,2018,4000,
2019,956.830383,2019,4000,2019,1476.119019,2019,4000,
2020,956.205383,2020,4000,2020,1475.87439,2020,4050.000244,
2021,956.205383,2021,4000,2021,1475.627197,2021,4000,
2022,956.205383,2022,4000,2022,1476.156006,2022,4000,
2023,955.580383,2023,4000,2023,1475.913574,2023,4050.000244,
2024,956.205383,2024,4000,2024,1477.325684,2024,3950,
2025,956.800598,2025,4000,2025,1478.043945,2025,4000,
2026,956.800598,2026,4000,2026,1478.809814,2026,4000,
2027,958.020081,2027,4000,2027,1480.453857,2027,3902.439209,
2028,958.020081,2028,4000,2028,1478.940308,2028,4000,
2029,958.02002,2029,4000,2029,1480.537354,2029,3902.439209,
2030,958.02002,2030,4000,2030,1481.444214,2030,4000,
2031,956.799805,2031,4000,2031,1480.713867,2031,4050.000244,
2032,956.799805,2032,4000,2032,1480.663208,2032,4000,
2033,957.39502,2033,4000,2033,1480.658569,2033,4000,
2034,957.39502,2034,4000,2034,1480.653809,2034,4000,
2035,956.77002,2035,4000,2035,1479.829224,2035,4050.000244,
2036,956.77002,2036,4000,2036,1480.550659,2036,4000,
2037,957.365234,2037,4000,2037,1480.550659,2037,4000,
2038,957.990234,2038,4000,2038,1480.614258,2038,3950,
2039,957.990234,2039,4000,2039,1480.657837,2039,4000,
2040,957.990234,2040,4000,2040,1480.747437,2040,4000,
2041,958.599976,2041,4000,2041,1483.260132,2041,3902.439209,
2042,959.224976,2042,4000,2042,1484.283813,2042,3950,
2043,958.004761,2043,4000,2043,1483.650024,2043,4050.000244,
2044,958.004761,2044,4000,2044,1484.608032,2044,4000,
2045,957.379761,2045,4000,2045,1483.139038,2045,4050.000244,
2046,957.379761,2046,4000,2046,1483.183716,2046,4000,
2047,957.349976,2047,4000,2047,1482.454224,2047,4050.000244,
2048,957.349976,2048,4000,2048,1480.846802,2048,4000,
2049,956.724976,2049,4000,2049,1479.97522,2049,4050.000244,
2050,956.724976,2050,4000,2050,1478.319458,2050,4000,
2051,956.69519,2051,4000,2051,1477.445435,2051,4050.000244,
2052,956.69519,2052,4000,2052,1478.209106,2052,4000,
2053,957.885681,2053,4000,2053,1478.293091,2053,4000,
2054,957.885681,2054,4000,2054,1478.331055,2054,4000,
2055,958.510681,2055,4000,2055,1479.206787,2055,3950,
2056,958.510681,2056,4000,2056,1480.113037,2056,4000,
2057,958.51062,2057,4000,2057,1481.803833,2057,3902.439209,
2058,958.51062,2058,4000,2058,1481.803833,2058,4000,
2059,957.290405,2059,4000,2059,1480.188599,2059,4050.000244,
2060,957.290405,2060,4000,2060,1480.134399,2060,4000,
2061,957.26062,2061,4000,2061,1479.30603,2061,4050.000244,
2062,957.26062,2062,4000,2062,1477.645996,2062,4000,
2063,957.855835,2063,4000,2063,1476.75,2063,4000,
2064,957.855835,2064,4000,2064,1477.511108,2064,4000,
2065,958.45105,2065,4000,2065,1477.545776,2065,4000,
2066,959.07605,2066,4000,2066,1479.239014,2066,3950,
2067,958.45105,2067,4000,2067,1478.548706,2067,4050.000244,
2068,958.45105,2068,4000,2068,1479.405884,2068,4000,
2069,958.421265,2069,4000,2069,1478.715698,2069,4050.000244,
2070,958.421265,2070,4000,2070,1479.618408,2070,4000,
2071,957.796265,2071,4000,2071,1478.928833,2071,4050.000244,
2072,957.796265,2072,4000,2072,1479.7854,2072,4000,
2073,957.796265,2073,4000,2073,1479.870605,2073,4000,
2074,957.171265,2074,4000,2074,1479.043335,2074,4050.000244,
2075,957.141479,2075,4000,2075,1478.213745,2075,4050.000244,
2076,957.141479,2076,4000,2076,1477.318359,2076,4000,
2077,957.111694,2077,4000,2077,1476.438232,2077,4050.000244,
2078,957.111694,2078,4000,2078,1474.773926,2078,4000,
2079,957.081909,2079,4000,2079,1474.773926,2079,4050.000244,
2080,957.081909,2080,4000,2080,1475.529785,2080,4000,
2081,956.427124,2081,4000,2081,1473.936279,2081,4100,
2082,956.427124,2082,4000,2082,1474.643921,2082,4000,
2083,956.427124,2083,4000,2083,1475.348022,2083,3951.219482,
2084,955.802124,2084,4000,2084,1474.418457,2084,4050.000244,
2085,954.552124,2085,4000,2085,1472.639282,2085,4100,
2086,954.552124,2086,4000,2086,1472.338013,2086,4000,
2087,953.927124,2087,4000,2087,1470.380615,2087,4050.000244,
2088,953.302124,2088,4000,2088,1469.986938,2088,4050.000244,
2089,952.677124,2089,4000,2089,1468.772461,2089,4050.000244,
2090,952.677124,2090,4000,2090,1469.101562,2090,4000,
2091,952.647339,2091,4000,2091,1467.887085,2091,4050.000244,
2092,952.022339,2092,4000,2092,1467.445557,2092,4050.000244,
2093,953.21283,2093,4000,2093,1467.091309,2093,4000,
2094,953.21283,2094,4000,2094,1466.737183,2094,4000,
2095,953.212769,2095,4000,2095,1468.750977,2095,3902.439209,
2096,953.212769,2096,4000,2096,1469.219482,2096,4000,
2097,952.587769,2097,4000,2097,1468.099243,2097,4050.000244,
2098,952.587769,2098,4000,2098,1468.521729,2098,4000,
2099,951.962769,2099,4000,2099,1467.355957,2099,4050.000244,
2100,951.337769,2100,4000,2100,1467.355957,2100,4050.000244,
2101,951.307983,2101,4000,2101,1466.142578,2101,4050.000244,
2102,951.307983,2102,4000,2102,1467.273926,2102,4000,
2103,951.307983,2103,4000,2103,1468.422852,2103,3902.439209,
2104,951.307983,2104,4000,2104,1467.259033,2104,4000,
2105,950.712769,2105,4000,2105,1467.636597,2105,4000,
2106,950.712769,2106,4000,2106,1468.863892,2106,4000,
2107,951.32251,2107,4000,2107,1470.158936,2107,3902.439209,
2108,951.32251,2108,4000,2108,1470.726929,2108,4000,
2109,951.32251,2109,4000,2109,1472.887695,2109,3902.439209,
2110,951.32251,2110,4000,2110,1473.55127,2110,4000,
2111,950.69751,2111,4000,2111,1472.631592,2111,4050.000244,
2112,950.07251,2112,4000,2112,1472.434692,2112,4050.000244,
2113,950.042725,2113,4000,2113,1472.283203,2113,4050.000244,
2114,950.042725,2114,4000,2114,1472.03833,2114,4000,
2115,949.417725,2115,4000,2115,1470.97937,2115,4050.000244,
2116,949.417725,2116,4000,2116,1469.138428,2116,4000,
2117,949.387939,2117,4000,2117,1468.077148,2117,4050.000244,
2118,949.387939,2118,4000,2118,1468.598145,2118,4000,
2119,949.983154,2119,4000,2119,1468.396851,2119,4000,
2120,949.983154,2120,4000,2120,1469.011841,2120,4000,
2121,950.578369,2121,4000,2121,1469.011841,2121,4000,
2122,950.578369,2122,4000,2122,1469.722656,2122,4000,
2123,951.173584,2123,4000,2123,1469.71228,2123,4000,
2124,951.173584,2124,4000,2124,1468.157227,2124,4000,
2125,951.173584,2125,4000,2125,1468.146851,2125,4000,
2126,951.173584,2126,4000,2126,1468.182495,2126,4000,
2127,949.953369,2127,4000,2127,1467.357544,2127,4050.000244,
2128,949.953369,2128,4000,2128,1465.707031,2128,4000,
2129,950.56311,2129,4000,2129,1467.191895,2129,3902.439209,
2130,950.56311,2130,4000,2130,1465.588623,2130,4000,
2131,950.56311,2131,4000,2131,1467.073364,2131,3902.439209,
2132,950.56311,2132,4000,2132,1467.829712,2132,4000,
2133,950.533325,2133,4000,2133,1467.86499,2133,4050.000244,
2134,950.533325,2134,4000,2134,1468.669189,2134,4000,
2135,951.143066,2135,4000,2135,1470.298706,2135,3902.439209,
2136,951.143066,2136,4000,2136,1471.197754,2136,4000,
2137,951.752808,2137,4000,2137,1472.923462,2137,3902.439209,
2138,951.127808,2138,4000,2138,1473.056519,2138,4050.000244,
2139,950.502808,2139,4000,2139,1472.376099,2139,4050.000244,
2140,950.502808,2140,4000,2140,1472.41626,2140,4000,
2141,949.877808,2141,4000,2141,1471.641968,2141,4050.000244,
2142,949.877808,2142,4000,2142,1471.641968,2142,4000,
2143,949.848022,2143,4000,2143,1470.819458,2143,4050.000244,
2144,950.473022,2144,4000,2144,1471.54834,2144,3950,
2145,950.473022,2145,4000,2145,1471.494019,2145,4000,
2146,950.473022,2146,4000,2146,1471.439941,2146,4000,
2147,951.068237,2147,4000,2147,1471.431885,2147,4000,
2148,951.693237,2148,4000,2148,1473.116333,2148,3950,
2149,951.693237,2149,4000,2149,1473.250732,2149,4000,
2150,951.693237,2150,4000,2150,1471.794556,2150,4000,
2151,951.693237,2151,4000,2151,1472.646484,2151,3951.219482,
2152,951.693237,2152,4000,2152,1471.19043,2152,4000,
2153,951.068237,2153,4000,2153,1470.46228,2153,4050.000244,
2154,951.068237,2154,4000,2154,1471.270264,2154,4000,
2155,951.068237,2155,4000,2155,1471.311523,2155,4000,
2156,951.068237,2156,4000,2156,1469.761353,2156,4000,
2157,951.068237,2157,4000,2157,1469.755493,2157,4000,
2158,951.068237,2158,4000,2158,1468.157471,2158,4000,
2159,951.068237,2159,4000,2159,1468.919922,2159,4000,
2160,951.068237,2160,4000,2160,1469.730103,2160,4000,
2161,951.677979,2161,4000,2161,1471.366333,2161,3902.439209,
2162,951.677979,2162,4000,2162,1472.271606,2162,4000,
2163,952.28772,2163,4000,2163,1472.271606,2163,3902.439209,
2164,952.28772,2164,4000,2164,1473.226196,2164,4000,
2165,952.28772,2165,4000,2165,1472.583374,2165,4000,
2166,952.28772,2166,4000,2166,1472.723633,2166,4000,
2167,951.66272,2167,4000,2167,1472.048096,2167,4050.000244,
2168,951.03772,2168,4000,2168,1471.278564,2168,4050.000244,
2169,950.382935,2169,4000,2169,1468.876221,2169,4100,
2170,951.007935,2170,4000,2170,1469.606689,2170,3950,
2171,951.617676,2171,4000,2171,1471.145996,2171,3902.439209,
2172,951.617676,2172,4000,2172,1470.37561,2172,4000,
2173,951.617676,2173,4000,2173,1471.914917,2173,3902.439209,
2174,951.617676,2174,4000,2174,1472.724487,2174,4000,
2175,951.617676,2175,4000,2175,1472.766846,2175,4000,
2176,952.242676,2176,4000,2176,1473.641968,2176,3950,
2177,952.242676,2177,4000,2177,1473.732666,2177,4000,
2178,952.242676,2178,4000,2178,1473.823486,2178,4000,
2179,952.242676,2179,4000,2179,1474.679199,2179,3951.219482,
2180,952.242676,2180,4000,2180,1474.769897,2180,4000,
2181,952.242676,2181,4000,2181,1474.860718,2181,4000,
2182,951.617676,2182,4000,2182,1472.543213,2182,4050.000244,
2183,951.617676,2183,4000,2183,1472.538574,2183,4000,
2184,951.617676,2184,4000,2184,1472.538574,2184,4000,
2185,951.617676,2185,4000,2185,1472.486694,2185,4000,
2186,951.617676,2186,4000,2186,1472.435059,2186,4000,
2187,951.617676,2187,4000,2187,1472.383301,2187,4000,
2188,951.617676,2188,4000,2188,1473.147339,2188,4000,
2189,951.617676,2189,4000,2189,1473.959229,2189,4000,
2190,952.242676,2190,4000,2190,1476.404419,2190,3950,
2191,952.852417,2191,4000,2191,1477.310791,2191,3902.439209,
2192,952.227417,2192,4000,2192,1475.044678,2192,4050.000244,
2193,951.602417,2193,4000,2193,1474.276001,2193,4050.000244,
2194,951.602417,2194,4000,2194,1472.729736,2194,4000,
2195,951.602417,2195,4000,2195,1472.728516,2195,4000,
2196,950.977417,2196,4000,2196,1471.911987,2196,4050.000244,
2197,950.382202,2197,4000,2197,1470.983887,2197,4000,
2198,949.757202,2198,4000,2198,1470.025757,2198,4050.000244,
2199,950.352417,2199,4000,2199,1469.879761,2199,4000,
2200,949.727417,2200,4000,2200,1468.154419,2200,4050.000244,
2201,948.477417,2201,4000,2201,1466.349365,2201,4100,
2202,948.477417,2202,4000,2202,1466.058472,2202,4000,
2203,948.477417,2203,4000,2203,1468.123413,2203,3902.439209,
2204,947.852417,2204,4000,2204,1467.067993,2204,4050.000244,
2205,946.007202,2205,4000,2205,1467.067993,2205,4100,
2206,945.382202,2206,4000,2206,1465.823608,2206,4050.000244,
2207,944.757202,2207,4000,2207,1464.531494,2207,4050.000244,
2208,944.132202,2208,4000,2208,1463.191772,2208,4050.000244,
2209,943.507202,2209,4000,2209,1461.804077,2209,4050.000244,
2210,942.882202,2210,4000,2210,1460.36853,2210,4050.000244,
2211,942.257202,2211,4000,2211,1458.052612,2211,4050.000244,
2212,942.257202,2212,4000,2212,1455.686646,2212,4000,
2213,942.257202,2213,4000,2213,1457.214233,2213,3902.439209,
2214,942.257202,2214,4000,2214,1457.259521,2214,4000,
2215,941.632202,2215,4000,2215,1455.729736,2215,4050.000244,
2216,941.632202,2216,4000,2216,1454.959229,2216,4000,
2217,941.632202,2217,4000,2217,1455.004272,2217,4000,
2218,941.632202,2218,4000,2218,1454.328003,2218,4000,
2219,941.007202,2219,4000,2219,1453.658936,2219,4050.000244,
2220,941.007202,2220,4000,2220,1452.936768,2220,4000,
2221,941.007202,2221,4000,2221,1453.784912,2221,3951.219482,
2222,941.007202,2222,4000,2222,1454.721802,2222,4000,
2223,939.786987,2223,4000,2223,1453.292236,2223,4050.000244,
2224,939.786987,2224,4000,2224,1451.080688,2224,4000,
2225,939.757202,2225,4000,2225,1450.461792,2225,4050.000244,
2226,939.757202,2226,4000,2226,1450.461792,2226,4000,
2227,940.976685,2227,4000,2227,1452.411621,2227,3902.439209,
2228,940.976685,2228,4000,2228,1452.88147,2228,4000,
2229,941.586426,2229,4000,2229,1454.975098,2229,3902.439209,
2230,941.586426,2230,4000,2230,1455.587646,2230,4000,
2231,941.556641,2231,4000,2231,1455.486328,2231,4050.000244,
2232,941.556641,2232,4000,2232,1456.192139,2232,4000,
2233,942.166382,2233,4000,2233,1457.715088,2233,3902.439209,
2234,942.166382,2234,4000,2234,1456.177979,2234,4000,
2235,941.541382,2235,4000,2235,1455.363281,2235,4050.000244,
2236,941.541382,2236,4000,2236,1456.115723,2236,4000,
2237,941.541382,2237,4000,2237,1456.108643,2237,4000,
2238,942.166382,2238,4000,2238,1456.926147,2238,3950,
2239,942.166382,2239,4000,2239,1456.967407,2239,4000,
2240,941.541382,2240,4000,2240,1457.008179,2240,4050.000244,
2241,940.321167,2241,4000,2241,1456.196777,2241,4050.000244,
2242,940.930908,2242,4000,2242,1456.190918,2242,3951.219482,
2243,940.900391,2243,4000,2243,1457.710449,2243,3902.439209,
2244,940.900391,2244,4000,2244,1458.554443,2244,4000,
2245,940.275391,2245,4000,2245,1457.83374,2245,4050.000244,
2246,939.650391,2246,4000,2246,1457.825684,2246,4050.000244,
2247,939.620605,2247,4000,2247,1457.825684,2247,4050.000244,
2248,939.620605,2248,4000,2248,1456.192993,2248,4000,
2249,938.995605,2249,4000,2249,1455.282471,2249,4050.000244,
2250,938.370605,2250,4000,2250,1452.748291,2250,4050.000244,
2251,938.34082,2251,4000,2251,1451.740601,2251,4050.000244,
2252,938.34082,2252,4000,2252,1452.251709,2252,4000,
2253,937.71582,2253,4000,2253,1451.198364,2253,4050.000244,
2254,937.71582,2254,4000,2254,1449.324585,2254,4000,
2255,938.906311,2255,4000,2255,1449.072876,2255,4000,
2256,938.906311,2256,4000,2256,1449.62854,2256,4000,
2257,938.906311,2257,4000,2257,1449.424927,2257,4000,
2258,938.906311,2258,4000,2258,1449.221313,2258,4000,
2259,939.501526,2259,4000,2259,1448.23938,2259,4000,
2260,939.501526,2260,4000,2260,1448.033447,2260,4000,
2261,939.501526,2261,4000,2261,1448.635132,2261,4000,
2262,938.876526,2262,4000,2262,1448.524658,2262,4050.000244,
2263,938.846741,2263,4000,2263,1446.850464,2263,4050.000244,
2264,938.846741,2264,4000,2264,1445.16394,2264,4000,
2265,938.221741,2265,4000,2265,1444.200317,2265,4050.000244,
2266,938.221741,2266,4000,2266,1444.799927,2266,4000,
2267,938.816956,2267,4000,2267,1445.493286,2267,4000,
2268,938.816956,2268,4000,2268,1445.493286,2268,4000,
2269,939.41217,2269,4000,2269,1445.477295,2269,4000,
2270,939.41217,2270,4000,2270,1446.266724,2270,4000,
2271,940.631653,2271,4000,2271,1448.725708,2271,3902.439209,
2272,940.631653,2272,4000,2272,1449.659546,2272,4000,
2273,940.601868,2273,4000,2273,1449.075562,2273,4050.000244,
2274,940.601868,2274,4000,2274,1450.054932,2274,4000,
2275,940.572083,2275,4000,2275,1449.516968,2275,4050.000244,
2276,940.572083,2276,4000,2276,1449.645752,2276,4000,
2277,940.556824,2277,4000,2277,1449.014648,2277,4050.000244,
2278,939.931824,2278,4000,2278,1448.335815,2278,4050.000244,
2279,939.902039,2279,4000,2279,1447.654663,2279,4050.000244,
2280,939.902039,2280,4000,2280,1447.685547,2280,4000,
2281,940.497253,2281,4000,2281,1447.762451,2281,4000,
2282,940.497253,2282,4000,2282,1447.839478,2282,4000,
2283,941.717468,2283,4000,2283,1449.592041,2283,3950,
2284,941.717468,2284,4000,2284,1450.570923,2284,4000,
2285,941.717468,2285,4000,2285,1450.792847,2285,4000,
2286,941.717468,2286,4000,2286,1451.81958,2286,4000,
2287,942.312683,2287,4000,2287,1452.135742,2287,4000,
2288,942.312683,2288,4000,2288,1452.405762,2288,4000,
2289,942.907898,2289,4000,2289,1452.405762,2289,4000,
2290,942.907898,2290,4000,2290,1452.675903,2290,4000,
2291,943.517639,2291,4000,2291,1454.525269,2291,3902.439209,
2292,943.517639,2292,4000,2292,1453.220947,2292,4000,
2293,942.297424,2293,4000,2293,1452.5896,2293,4050.000244,
2294,942.922424,2294,4000,2294,1454.304321,2294,3950,
2295,942.892639,2295,4000,2295,1453.720825,2295,4050.000244,
2296,944.112122,2296,4000,2296,1456.286011,2296,3902.439209,
2297,944.096863,2297,4000,2297,1455.796997,2297,4050.000244,
